profile pic,nums/length username,fullname words,nums/length fullname,name==username,description length,external URL,private,#posts,#followers,#follows,fake
1,0,2,0,0,0,0,0,218,21,302,1
1,0,4,0,0,158,0,0,14120,1948,845,1
1,0.533333333,2,0,0,83,0,0,820,82,629,1
1,0,1,0,0,65,0,0,167348,5899,5170,1
1,0.076923077,2,0,0,0,0,0,0,0,48,1
1,0,2,0,0,0,0,1,0,13,823,1
1,0.066666667,2,0,0,0,0,0,12,6,52,1
1,0,2,0,0,50,0,0,727,170,3002,1
1,0.333333333,2,0,0,65,0,0,515,97,123,1
1,0.076923077,2,0,0,0,0,0,0,0,47,1
1,0,2,0,0,156,1,0,5244,74,416,1
1,0,1,0,0,0,0,0,390,25,291,1
1,0.090909091,2,0,0,109,0,0,716,771,798,1
1,0,1,0,1,156,0,0,13076,106,1,1
1,0,1,0,0,49,0,0,466,101,121,1
1,0,2,0,0,44,0,0,201,382,353,1
1,0,3,0,0,120,1,0,229,1009,49,1
1,0.533333333,2,0,0,72,0,0,2718,76,88,1
1,0,3,0,0,0,0,0,1258,159,1070,1
1,0,2,0,0,0,0,0,10,15,2,1
1,0,1,0,0,92,1,0,11170,16640,18968,1
1,0.533333333,2,0,0,0,0,0,320,0,8,1
1,0,3,0,0,54,0,0,618,183,0,1
1,0.1,1,0,0,6,0,0,11,5,58,1
1,0,1,0,1,162,0,0,3014,579,485,1
1,0,2,0,0,28,0,0,10959,4750,184,1
1,0.142857143,2,0,0,0,0,0,224,7,59,1
1,0.307692308,1,0,0,0,0,0,37,14,634,1
1,0,2,0,0,0,0,0,17,126,262,1
1,0,1,0,0,94,0,0,13,102,353,1
1,0.571428571,2,0,0,0,0,0,1288,120,127,1
1,0,2,0,0,35,0,0,21267,309,684,1
1,0.25,4,0,0,0,0,0,15,0,20,1
1,0,2,0,0,153,1,0,653,1086,4962,1
1,0,2,0,0,0,0,0,987,22,282,1
1,0.533333333,2,0,0,0,0,0,2,0,8,1
1,0,1,0,0,62,0,1,32900,123,608,1
1,0,1,0,0,38,0,0,1125,716,683,1
1,0.125,2,0,0,157,0,0,1341,98,69,1
1,0.533333333,2,0,0,0,0,0,0,26,278,1
1,0,1,0,0,97,0,0,99257,261763,404,1
1,0.066666667,1,0,0,0,0,0,13,8,236,1
1,0,2,0,0,145,0,0,2463,465,134,1
1,0,1,0,0,159,1,0,11925,698,4054,1
1,0,2,0,0,157,0,0,50,194,50,1
1,0,1,0,0,79,0,0,201,439,1871,1
1,0,2,0,0,153,0,0,5519,32,2,1
1,0,2,0,0,0,0,0,270,180,58,1
1,0.533333333,1,0,0,0,0,0,0,2,194,1
1,0,2,0,0,0,0,0,410,128,16,1
1,0.222222222,1,0,0,0,0,0,32,169,1761,1
1,0.333333333,2,0,0,144,1,0,235,390,756,1
1,0,1,0,0,0,0,0,545,160,956,1
1,0.142857143,2,0,0,22,0,0,541,35,164,1
1,0.181818182,2,0,0,0,0,0,5454,89,299,1
1,0.142857143,3,0,0,25,0,0,42774,10294,8606,1
1,0,2,0,0,162,0,0,185,717,1026,1
1,0,1,0,0,13,0,0,25,8,149,1
1,0.533333333,2,0,0,0,0,0,13759,248,943,1
1,0.090909091,1,0,0,160,0,0,499,1207,191,1
1,0,2,0,0,0,0,0,8,50,107,1
1,0.083333333,1,0,0,0,0,0,0,0,24,1
1,0,2,0,0,81,0,0,277,18,89,1
1,0,1,0,0,0,0,1,89,42,288,1
1,0,2,0,0,0,0,0,2,6,271,1
1,0,3,0,0,0,0,0,0,423,0,1
1,0.066666667,2,0,0,0,0,0,1,0,21,1
1,0,2,0,0,156,1,0,276,415,995,1
1,0,1,0,0,0,0,0,3311,43,114,1
1,0,2,0,0,47,0,0,456,216,550,1
1,0,1,0,0,0,0,0,198,7,5,1
1,0,1,0,0,31,0,0,111642,159950,28915,1
1,0,1,0,0,0,0,0,4,8,111,1
1,0.181818182,1,0,0,4,0,0,352,83,100,1
1,0,2,0,0,89,0,0,3635,2177,376,1
1,0,1,0,0,0,0,0,4565,79,263,1
1,0,2,0,0,0,0,0,1264,325,820,1
1,0,3,0,0,116,0,0,37259,710,6559,1
1,0,2,0,0,153,0,0,8179,9554,4929,1
1,0,1,0,0,0,0,1,1,35,876,1
1,0.133333333,4,0,0,116,0,0,83,154,2297,1
1,0.142857143,1,0,0,8,0,0,0,3,191,1
1,0.444444444,2,0,0,137,0,0,141,27,293,1
1,0,2,0,0,0,0,1,9,16,99,1
1,0,2,0,0,0,0,0,4,1,56,1
1,0,2,0,0,87,0,0,362,223,162,1
1,0,2,0,0,0,0,1,46,12,893,1
1,0.266666667,2,0,0,54,0,0,290,16,52,1
1,0.090909091,2,0,0,27,0,0,16261,113,189,1
1,0.133333333,1,1,0,0,0,0,0,0,13,1
1,0,2,0,0,137,0,0,325,1952,1602,1
1,0,1,0,0,0,0,0,10676,303,398,1
1,0,2,0,0,65,0,0,3589,2279,1606,1
1,0,4,0,0,146,0,0,771,71,120,1
1,0,2,0,0,151,0,1,2521,601,549,1
1,0,2,0,0,151,0,0,2031,3229,3498,1
1,0.4,1,0,0,0,0,0,1905,39,52,1
1,0,4,0,0,122,0,0,6223,27484,2092,1
1,0,2,0,0,11,0,0,89,27,287,1
1,0,2,0,0,76,0,0,6,21,122,1
1,0,2,0,0,103,0,0,11,374,660,1
1,0.285714286,2,0,0,0,0,0,1071,1388,1075,1
1,0,1,0,0,77,0,0,267,101,103,1
1,0,1,0,0,0,0,0,17,238,370,1
1,0.2,2,0,0,25,0,0,1807,3850,3726,1
1,0,2,0,0,11,0,0,21,13,323,1
1,0,1,0,0,0,0,0,860,72,156,1
1,0.5,1,0,0,0,0,1,2096,151,400,1
1,0,1,0,0,6,0,1,17,4,207,1
1,0.666666667,1,0,0,6,0,0,147,6,793,1
1,0.533333333,2,0,0,0,0,0,5,0,25,1
1,0.125,2,0,0,0,0,0,0,0,29,1
1,0,2,0,0,25,0,0,36,12,108,1
1,0,2,0,0,156,0,0,3329,967,31,1
1,0,2,0,0,0,0,0,0,18,156,1
1,0.533333333,1,0,0,0,0,0,0,0,47,1
1,0,2,0,0,0,0,1,3,7,116,1
1,0,2,0,0,0,0,0,67,1,0,1
1,0.066666667,2,0,0,0,0,0,0,2,21,1
1,0.533333333,2,0,0,0,0,0,1,10,111,1
1,0,3,0,0,0,0,1,0,0,4130,1
1,0,2,0,0,0,0,1,120,103,165,1
1,0.133333333,1,0.2,0,0,0,0,3,0,27,1
1,0.666666667,1,0,0,0,0,0,0,3,160,1
1,0,2,0,0,123,0,0,278,155,76,1
1,0.071428571,1,0,0,8,0,0,123943,768,1264,1
1,0.142857143,2,0,0,0,0,0,24700,267,8,1
1,0.533333333,8,0,0,0,0,0,37833,422,3296,1
1,0.090909091,1,0,0,0,0,0,513,13,456,1
1,0.181818182,3,0,0,126,1,0,72820,167483,1366,1
1,0.181818182,2,0,0,4,0,0,4,0,13,1
1,0,1,0,1,78,0,0,162,220,1732,1
1,0,2,0,0,0,0,0,583,185892,0,1
1,0,2,0,0,39,0,0,348,102,28,1
1,0,1,0,1,33,0,0,82,59,182,1
1,0.142857143,1,0,0,0,0,0,700,17,282,1
1,0,1,0,0,0,0,1,6050,178,96,1
1,0,2,0,0,146,0,0,983,654,417,1
1,0,2,0,0,131,1,0,1367,2442,4298,1
1,0.071428571,1,0,0,39,0,0,29746,1077,1429,1
1,0.142857143,3,0.153846154,0,130,0,0,3208,427,1360,1
1,0,1,0,1,0,0,0,411,124,1361,1
1,0.666666667,1,0,0,8,0,0,64008,2758,4668,1
1,0.166666667,1,0,0,11,0,0,1652,4,0,1
1,0,3,0,0,13,0,0,16758,40,126,1
1,0,1,0,0,143,0,0,794,544,379,1
1,0.307692308,2,0,0,0,0,0,1,12,487,1
1,0,4,0,0,145,1,0,2625,2289,12,1
1,0.285714286,1,0,0,3,0,0,4,0,16,1
1,0,1,0,1,0,0,0,269,16,192,1
1,0.571428571,1,0,0,0,0,0,256,73,200,1
1,0,2,0,0,119,0,0,19345,4259,16,1
1,0.111111111,3,0,0,63,0,0,7999,172,2812,1
1,0,2,0,0,108,0,0,1920,128879,291,1
1,0.272727273,1,0,0,0,0,0,1898,129,548,1
1,0,2,0,0,0,0,0,0,16,11,1
1,0,2,0,0,28,0,0,8296,153,395,1
1,0,2,0,0,82,0,0,1681,41,321,1
1,0,2,0,0,103,0,0,305,102,151,1
1,0,2,0,0,159,0,0,501,282,680,1
1,0.4,1,0,0,0,0,0,11,8,51,1
1,0,3,0,0,0,0,0,0,4,9,1
1,0,2,0,0,16,0,1,1829,114,366,1
1,0,2,0,0,61,0,0,12,85,75,1
1,0.076923077,2,0,0,0,0,0,181,114,1049,1
1,0,2,0,0,0,0,0,78,327,146,1
1,0.066666667,2,0,0,0,0,0,22842,481,1037,1
1,0,2,0,0,52,0,0,210,117,120,1
1,0,1,0,1,138,0,0,9855,58973,58080,1
1,0,2,0,0,10,0,1,1937,11,777,1
1,0.071428571,2,0,0,0,0,0,86,134,113,1
1,0,1,0,0,0,0,1,9191,2012,460,1
1,0.666666667,1,0,0,0,0,0,1,1,38,1
1,0.363636364,2,0,0,0,0,0,2,15,45,1
1,0,1,0,1,0,0,0,49,3,104,1
1,0,2,0,0,0,0,0,24,103,581,1
1,0,1,0,0,161,0,0,5743,3471,1886,1
1,0.533333333,1,0,0,0,0,0,234,13,20,1
1,0,8,0,0,128,0,1,1730,3780,770,1
1,0,1,0,0,15,0,0,0,0,22,1
1,0,3,0,0,0,0,0,1609,3467,28,1
1,0,2,0,0,0,0,0,1,5,739,1
1,0,2,0,0,142,0,0,1157,536,3628,1
1,0,2,0,0,149,0,0,6821,28928,1240,1
1,0,3,0,0,8,0,0,1,17,73,1
1,0,2,0,0,157,0,0,4766,51281,54907,1
1,0.111111111,2,0,0,0,0,0,38,17,155,1
1,0,1,0,0,0,0,0,87,23,0,1
1,0,2,0,0,0,0,0,37,114,55,1
1,0,1,0,1,0,0,0,16,7,237,1
1,0,2,0,0,156,0,1,162,26,548,1
1,0,2,0,0,53,0,0,3653,5082,68,1
1,0,1,0,0,25,0,1,10693,204,199,1
1,0,2,0,0,46,0,0,141,73,107,1
1,0,2,0,0,0,0,1,74,15,103,1
1,0.133333333,2,0,0,0,0,0,18,43,491,1
1,0,2,0,0,46,0,0,3008,10915,121,1
1,0,1,0,1,160,0,0,279,40,140,1
1,0,2,0,0,3,0,0,121,67,877,1
1,0,2,0,0,59,0,0,26,117,138,1
1,0,2,0,0,128,1,0,66,158,11,1
1,0,1,0,0,0,0,0,106,404,20,1
1,0,1,0,0,2,0,0,649,27,4,1
1,0,2,0,0,0,0,0,31,8,5,1
1,0.25,2,0,0,94,0,0,8166,3815,780,1
1,0.5,1,0.4,0,28,0,0,47,46,96,1
1,0,1,0,0,0,0,1,39,39,4516,1
1,0,1,0,0,115,0,0,5311,10137,600,1
1,0.1,4,0,0,60,0,0,4897,7596,538,1
1,0,2,0,0,66,0,0,668,153,124,1
1,0,2,0,0,133,0,0,4732,3992,4829,1
1,0,2,0,0,84,0,0,2410,450,1803,1
1,0,1,0,0,32,1,0,1160,8130,863,1
1,0.166666667,2,0,0,0,0,0,224,86,710,1
1,0.125,2,0,0,0,0,0,124,8,171,1
1,0,1,0,1,0,0,1,910,348,0,1
1,0.444444444,3,0,0,0,0,1,496,1,51,1
1,0.333333333,1,0.25,0,31,0,0,23395,810,2721,1
1,0,1,0,0,10,0,0,4122,876,104,1
1,0,2,0,0,0,0,1,10,2,0,1
1,0.307692308,1,0,0,13,0,0,251,103,550,1
1,0,1,0,0,0,0,0,119,27,313,1
1,0,2,0,0,157,0,0,1078,5776,1118,1
1,0,2,0,0,113,0,0,252,429,279,1
1,0.333333333,2,0,0,162,0,0,319,1740,1129,1
1,0,2,0,0,46,0,0,247,406,68,1
1,0.2,2,0,0,0,0,0,149,92,1026,1
1,0.533333333,2,0,0,7,0,0,71,8,1,1
1,0.2,1,0,0,0,0,0,731,188,1706,1
1,0.181818182,3,0,0,92,0,0,5,5,38,1
1,0,2,0,0,114,1,0,19049,117087,1854,1
1,0,2,0,0,53,0,0,2105,56,10,1
1,0,1,0,0,15,0,0,79,9,272,1
1,0,2,0,0,122,0,0,114,132,279,1
1,0,2,0,0,160,0,0,127,875,20,1
1,0,2,0,0,94,0,0,30,73,309,1
1,0.571428571,2,0,0,50,0,0,426,362,2103,1
1,0.071428571,2,0,0,0,0,0,2,14,350,1
1,0,4,0,0,159,1,0,814,348,2990,1
1,0.071428571,4,0,0,123,0,0,166,1032,214,1
1,0.363636364,2,0,0,0,0,0,110,6,131,1
1,0.214285714,2,0,0,66,0,0,1664,29,74,1
1,0,1,0,0,149,0,0,1657,402,591,1
1,0.1,3,0,0,0,0,0,35,2,206,1
1,0.2,1,0,0,0,0,0,16,18,82,1
1,0.071428571,2,0,0,17,0,0,22486,190,4206,1
1,0.333333333,1,0,0,0,0,1,1268,396,376,1
1,0,2,0,0,108,0,0,6284,149,322,1
1,0,2,0,0,36,0,0,325,137,285,1
1,0,3,0,0,142,0,0,50142,4319,4749,1
1,0,2,0,0,0,0,0,0,4,301,1
1,0,2,0,0,135,0,0,45,425,622,1
1,0,1,0,1,101,0,0,488,3230,3472,1
1,0,1,0,0,0,0,0,2,2,42,1
1,0.25,2,0,0,0,0,0,3051,45,326,1
1,0.1,2,0,0,35,0,0,4784,84,387,1
1,0,1,0,0,78,1,0,282,624,111,1
1,0,2,0,0,24,0,0,87,37,211,1
1,0.066666667,2,0,0,0,0,0,11,9,177,1
1,0,3,0,0,142,0,0,7242,4708,484,1
1,0,1,0,0,0,0,0,0,33,51,1
1,0.222222222,2,0.153846154,0,0,0,0,20,53,137,1
1,0,3,0,0,123,0,0,487,142,132,1
1,0,2,0,0,127,0,0,442,2238,925,1
1,0,4,0,0,123,0,1,21,29,425,1
1,0,3,0,0,118,1,1,12776,1944,558,1
1,0.4,2,0,0,114,1,0,137,154,132,1
1,0,2,0,0,0,0,0,98,354,4835,1
1,0,1,0,0,112,1,0,3512,114,186,1
1,0,2,0,0,138,0,0,16120,5209,945,1
1,0,2,0,0,159,0,0,789,68,288,1
1,0.5,1,0.4,0,0,0,0,315,50,975,1
1,0,2,0,0,69,0,0,82,2183,220,1
1,0,2,0,0,0,0,0,6,2,18,1
1,0.153846154,3,0,0,93,0,0,77,4188,201,1
1,0,4,0,0,46,0,0,9353,259,1855,1
1,0,2,0,0,4,0,0,195,90,289,1
1,0,2,0,0,68,0,0,29345,1241,1658,1
1,0,3,0,0,97,0,0,2610,2509,2869,1
1,0.066666667,2,0,0,88,0,0,90,2261,2855,1
1,0,1,0,1,0,0,0,31,60,0,1
1,0.111111111,5,0,0,158,0,0,11498,1163,5391,1
1,0,2,0,0,148,0,0,2260,5335,2732,1
1,0,2,0,0,0,0,0,32993,160,198,1
1,0,2,0,0,108,0,0,3784,427,718,1
1,0,1,0,0,0,0,0,35,66,433,1
1,0,2,0,0,101,0,0,3,22,0,1
1,0.111111111,1,0,0,5,0,0,46,23,384,1
1,0.153846154,2,0,0,0,0,0,0,7,70,1
1,0.153846154,2,0,0,0,0,0,22,21,96,1
1,0,1,0,0,23,0,0,4133,1483,1563,1
1,0,1,0,0,156,1,0,5291,2572,27,1
1,0.454545455,1,0,0,0,0,0,13699,177,264,1
1,0.25,1,0,0,0,0,0,0,8,175,1
1,0.083333333,1,0.083333333,1,12,0,0,4897,136,717,1
1,0,2,0,0,0,0,0,18,23,188,1
1,0,2,0,0,147,1,1,145,180,0,1
1,0.3,1,0,0,13,0,0,48,193,1479,1
1,0,2,0,0,158,1,0,11766,1653,2124,1
1,0.166666667,1,0,0,0,0,1,368,153,236,1
1,0,2,0,0,30,0,0,1074,297,1358,1
1,0,2,0,0,60,0,0,4446,986,771,1
1,0,1,0,0,0,0,0,10,31,692,1
1,0,2,0,0,32,0,0,4,29,192,1
1,0.615384615,1,0,0,0,0,0,26,24,543,1
1,0.285714286,4,0,0,10,0,0,3624,134,1125,1
1,0.533333333,2,0,0,0,0,0,126,0,2,1
1,0.285714286,6,0,0,160,0,0,3203,577,256,1
1,0,2,0,0,104,0,0,12,26,188,1
1,0.133333333,1,0,0,0,0,1,18017,104,1525,1
1,0,1,0,0,0,0,1,411,0,42,1
1,0.363636364,2,0.363636364,0,63,1,0,2097,301,87,1
1,0,1,0,0,34,0,0,86,1627,2077,1
1,0,1,0,0,17,0,0,2128,124,132,1
1,0.222222222,1,0.222222222,0,0,0,0,61,12,1958,1
1,0.428571429,4,0,0,150,0,0,65392,674,215,1
1,0,1,0,0,98,0,0,3170,25,4,1
1,0,1,0,0,64,0,1,1515,61,226,1
1,0,3,0,0,64,1,0,5984,1706,57,1
1,0,2,0,0,0,0,0,56,32,102,1
1,0,3,0,0,0,0,0,47,23,104,1
1,0.3,2,0,0,0,0,0,1,0,4,1
1,0.222222222,3,0,0,0,0,0,0,0,3,1
1,0,2,0,0,148,0,0,3644,464,295,1
1,0,1,0,1,162,0,0,514,1109,1287,1
1,0,2,0,0,146,0,0,48,1709,2642,1
1,0,5,0,0,65,0,1,2565,8562,1015,1
1,0.111111111,1,0,0,143,1,0,586,10,30,1
1,0,2,0,0,0,0,0,2,4,185,1
1,0,3,0,0,160,0,0,599,302,315,1
1,0,1,0,1,152,0,0,677,53,32,1
1,0,4,0,0,30,0,0,168,323,228,1
1,0.818181818,1,0.333333333,0,0,0,0,0,1,12,1
1,0.133333333,2,0,0,0,0,0,77,19,160,1
1,0,2,0,0,111,0,1,18,37,118,1
1,0,6,0,0,153,0,0,1178,110,24,1
1,0,2,0,0,87,0,0,2279,919,165,1
1,0,3,0,0,51,0,0,1452,447,862,1
1,0,2,0,0,158,0,0,12201,3077,3173,1
1,0,2,0,0,0,0,0,3,7,47,1
1,0,2,0,0,0,0,0,0,14,293,1
1,0,2,0,0,128,0,0,229,23,31,1
1,0,1,0,1,139,0,0,2838,1069,719,1
1,0,2,0,0,0,0,0,28,116,279,1
1,0.2,3,0,0,106,0,0,75,168,76,1
1,0,2,0,0,137,0,0,313,120,113,1
1,0.533333333,1,0,0,0,0,0,0,28,776,1
1,0,2,0,0,0,0,0,17,36,272,1
1,0,5,0,0,145,0,0,4550,581,2228,1
1,0.076923077,2,0,0,0,0,0,100,102,148,1
1,0,2,0,0,116,0,1,85,474,335,1
1,0,5,0,0,147,0,0,58,12,0,1
1,0.636363636,1,0,0,100,0,0,334,25,0,1
1,0,2,0,0,0,0,0,7,2,20,1
1,0.4,1,0,0,0,0,0,0,0,142,1
1,0,1,0,1,140,0,0,13,28,23,1
1,0,1,0,0,105,0,0,64,146,172,1
1,0,3,0,0,0,0,0,97,760,18,1
1,0.166666667,1,0,0,0,0,0,1,4,82,1
1,0,2,0,0,159,0,0,3715,1346,502,1
1,0.076923077,1,0,0,33,0,0,20460,149,646,1
1,0.071428571,2,0,0,0,0,0,34,13,138,1
1,0,2,0,0,0,0,0,4,76,1496,1
1,0,2,0,0,172,1,0,1435,893,326,1
1,0.125,1,0,0,0,0,1,14,15,5164,1
1,0,1,0,0,0,0,0,11,173,696,1
1,0,1,0,0,0,0,0,69,12,62,1
1,0.111111111,1,0,0,0,0,1,0,1,7,1
1,0,8,0,0,154,0,0,591,40345,9,1
1,0,2,0,0,85,0,0,9198,19174,2272,1
1,0.5,3,0,0,160,0,0,22260,474,2005,1
1,0,2,0,0,0,0,0,1830,22,159,1
1,0,2,0,0,38,0,0,2363,688,568,1
1,0,1,0,0,0,0,0,73,27,454,1
1,0.153846154,1,0.153846154,1,0,0,0,38,2,84,1
1,0.111111111,2,0,0,149,0,0,3459,108,102,1
1,0,1,0,0,42,0,0,165,26,262,1
1,0,3,0,0,108,0,0,1,23,10,1
1,0,2,0,0,58,0,0,93,45,114,1
1,0,1,0,0,72,0,1,445,175,525,1
1,0.133333333,1,0,0,117,0,0,440,3139,3317,1
1,0,7,0,0,0,0,0,2050,1483,3,1
1,0,3,0,0,82,0,0,1459,194,187,1
1,0.071428571,1,0.133333333,0,82,0,0,70,278,1097,1
1,0,2,0,0,77,1,0,40519,7863,361,1
1,0.1,2,0,0,126,0,0,59,186,193,1
1,0,2,0,0,79,0,0,51,326,80,1
1,0.076923077,2,0,0,4,0,0,0,1,43,1
1,0,1,0,0,17,0,0,4695,108,138,1
1,0,2,0.692307692,0,0,0,0,12,8,100,1
1,0,2,0,0,43,0,0,258,327,242,1
1,0,1,0,0,99,0,0,4237,78,42,1
1,0,1,0,1,111,0,0,30333,270,1,1
1,0.533333333,1,0,0,0,0,0,2,194,4910,1
1,0.333333333,2,0,0,0,0,0,13146,35,31,1
1,0,1,0,0,31,0,0,195,28,165,1
1,0.083333333,2,0.05,0,111,0,0,1259,38,35,1
1,0.2,1,0,0,141,0,0,2785,2089,4231,1
1,0,2,0,0,33,0,0,469,34,342,1
1,0,2,0,0,148,0,0,2403,1901,230,1
1,0,3,0,0,146,0,0,122417,47185,43637,1
1,0,1,0,0,161,0,0,2408,135,377,1
1,0.1,1,0,0,0,0,0,0,46,2111,1
1,0.111111111,2,0,0,0,0,0,7,0,0,1
1,0,1,0,1,138,0,0,155,1567,2164,1
1,0.111111111,1,0,0,0,0,1,8,1,432,1
1,0,1,0,1,153,0,0,1599,57,145,1
1,0,1,0,0,0,0,0,0,1,14,1
1,0,3,0,0,159,0,0,124,127,102,1
1,0,1,0,0,35,0,0,0,4,54,1
1,0,3,0,0,94,0,0,73,98,604,1
1,0,2,0,0,0,0,1,1,0,410,1
1,0,2,0,0,0,0,0,752,154,255,1
1,0,2,0,0,0,0,0,378,51,206,1
1,0,2,0,0,0,0,0,2,11,15,1
1,0,1,0,1,10,0,0,6,2,7,1
1,0.333333333,3,0,0,99,0,1,40,16,693,1
1,0.142857143,2,0,0,73,0,0,3249,21,845,1
1,0.142857143,2,0,0,7,0,0,104,3,34,1
1,0.142857143,1,0,0,0,0,0,9,66,207,1
1,0,3,0,0,134,0,0,149,2184,4284,1
1,0.444444444,4,0,0,122,0,0,33603,854,984,1
1,0,2,0,0,0,0,0,0,7,0,1
1,0,2,0,0,144,0,0,91,2522,106,1
1,0.5,2,0,0,47,0,0,12,17,198,1
1,0,1,0,0,0,0,0,668,86,691,1
1,0,3,0,0,0,0,0,2,1,47,1
1,0,3,0,0,162,1,0,2059,673,497,1
1,0,2,0,0,0,0,0,0,1,57,1
1,0.533333333,1,0,0,0,0,0,1,6,56,1
1,0,2,0,0,62,0,0,10453,1736,992,1
1,0,2,0,0,0,0,1,0,0,13,1
1,0,1,0,1,155,0,0,355,142,3442,1
1,0,1,0,0,0,0,0,1,20,396,1
1,0,3,0,0,148,1,0,7468,3913,34,1
1,0,2,0,0,0,0,0,969,18,114,1
1,0.066666667,1,0,0,0,0,0,3,0,144,1
1,0,2,0,0,158,0,0,1156,84,233,1
1,0,1,0,0,0,0,0,453,242,65,1
1,0.375,1,0,0,0,0,0,1,13,102,1
1,0,1,0,0,125,0,0,870,1461,941,1
1,0.533333333,2,0,0,0,0,0,1,2,12,1
1,0,2,0,0,154,0,0,843,53,55,1
1,0.153846154,2,0,0,0,0,0,4,131,311,1
1,0,5,0,0,94,0,0,7761,229,78,1
1,0,2,0,0,67,0,0,1381,1284,649,1
1,0,2,0,0,123,1,0,626,838,936,1
1,0,3,0,0,131,0,0,292,354,156,1
1,0,2,0,0,76,0,0,209,169,283,1
1,0.142857143,1,0,0,0,0,0,2590,4,12,1
1,0.2,1,0,0,66,0,1,15306,315,1842,1
1,0.615384615,1,0,0,0,0,0,13,10,168,1
1,0,2,0,0,112,0,1,89,123,362,1
1,0.111111111,1,0.166666667,0,140,1,0,7399,17187,14369,1
1,0,4,0,0,153,0,0,1955,31,5,1
1,0,3,0,0,159,0,0,789,37,67,1
1,0,4,0,0,0,0,0,108,30,823,1
1,0,1,0,0,62,0,0,42,0,52,1
1,0,1,0,0,6,0,1,37,18,386,1
1,0,1,0,0,7,0,0,3004,111,1439,1
1,0.066666667,1,0,0,0,0,0,1,2,33,1
1,0,6,0.033333333,0,95,0,0,878,90,255,1
1,0,2,0,0,55,0,0,559,34,100,1
1,0.266666667,2,0,0,21,0,0,4416,2628,5204,1
1,0.1,2,0,0,0,0,0,3520,17,117,1
1,0.153846154,3,0.086956522,0,121,0,0,179724,3623,3929,1
1,0.090909091,1,0.090909091,1,0,0,0,153,53,76,1
1,0,2,0,0,86,0,0,1,165,7,1
1,0,3,0,0,73,0,0,9311,5275,3177,1
1,0.533333333,1,0,0,0,0,0,9,2,0,1
1,0,2,0,0,39,0,0,24847,5911,5748,1
1,0,4,0,0,61,0,0,75621,15435,16123,1
1,0.571428571,1,0,0,0,0,0,45,53,43,1
1,0,3,0,0,127,0,0,30822,4423,5246,1
1,0.266666667,1,0,0,0,0,1,363,1,215,1
1,0,2,0,0,0,0,0,0,0,13,1
1,0.4,2,0,0,33,0,0,10426,219,962,1
1,0.25,2,0,0,43,0,1,261,32,479,1
1,0,2,0,0,0,0,0,0,14,45,1
1,0.222222222,2,0,0,0,0,0,230,66,646,1
1,0,1,0,0,0,0,0,731,633,97,1
1,0,1,0,0,144,0,0,309,1068,683,1
1,0,1,0,1,125,0,0,456,210,377,1
1,0,3,0,0,23,0,0,4550,1814,922,1
1,0,2,0,0,136,0,1,555,177,563,1
1,0,1,0,0,97,0,0,695,188,381,1
1,0.615384615,1,0,0,0,0,0,15,1,36,1
1,0.066666667,2,0,0,0,0,1,2,13,2116,1
1,0,1,0,1,156,0,0,5010,8285,749,1
1,0,2,0,0,0,0,0,924,551,0,1
1,0,2,0,0,0,0,0,78,9,63,1
1,0,2,0.181818182,0,104,0,0,26524,1913,552,1
1,0.285714286,7,0,0,160,0,0,148926,31377,3053,1
1,0.615384615,1,0,0,0,0,0,3756,144,463,1
1,0,2,0,0,45,0,0,305,77,76,1
1,0,1,0,0,72,1,0,2617,1380,176,1
1,0,1,0,0,40,0,1,12566,149,218,1
1,0,1,0,0,91,0,0,179,25,577,1
1,0,2,0,0,105,0,0,2370,1576,3197,1
1,0,3,0,0,153,0,0,138,66,203,1
1,0.5,1,0,0,17,0,0,412,59,642,1
1,0,2,0,0,0,0,0,5707,108,137,1
1,0.25,1,0,0,0,0,0,795,23,86,1
1,0,5,0,0,118,0,0,558,709,446,1
1,0.533333333,2,0,0,0,0,0,2,8,50,1
1,0.066666667,8,0,0,160,0,0,2179,1337,880,1
1,0,1,0,0,0,0,0,50,610,1841,1
1,0,1,0,0,0,0,1,0,3,38,1
1,0,2,0,0,159,0,0,172,272,742,1
1,0.266666667,1,0,0,0,0,0,0,4,64,1
1,0,2,0,0,3,0,0,1167,28,31,1
1,0,2,0,0,17,0,0,5,0,33,1
1,0,3,0,0,0,0,1,15,8,221,1
1,0,1,0,0,43,0,0,12,3,98,1
1,0,3,0,0,160,1,0,1434,5029,1670,1
1,0.066666667,1,0,0,106,0,0,5541,2680,62,1
1,0.533333333,2,0,0,0,0,0,1,1,36,1
1,0.181818182,2,0,0,0,0,0,3205,59,278,1
1,0,2,0,0,0,0,0,3,12,50,1
1,0,3,0,0,48,0,0,4628,172,1232,1
1,0.181818182,1,0,0,22,0,0,38967,1197,1399,1
1,0.2,1,0,0,9,0,0,306,38,645,1
1,0,4,0,0,147,0,0,99,96,208,1
1,0,4,0,0,134,0,0,23254,34185,26273,1
1,0,3,0,0,0,0,0,15535,3048,474,1
1,0,1,0.1,0,0,0,0,16,35,152,1
1,0.25,1,0.5,0,91,0,1,302,87,453,1
1,0,2,0,0,83,0,1,6,9,462,1
1,0,2,0,0,143,0,0,15247,177,33,1
1,0.266666667,2,0,0,136,0,0,42,124,438,1
1,0,1,0,0,56,0,0,3078,63,1,1
1,0,2,0,0,0,0,1,443,159,433,1
1,0,2,0,0,0,0,0,19,1,5,1
1,0,2,0,0,0,0,0,1047,219,149,1
1,0.375,1,0,0,0,0,0,1618,374,841,1
1,0.4,1,0.444444444,0,0,0,0,618,51,354,1
1,0,3,0,0,94,0,0,24,53,170,1
1,0,2,0,0,20,0,0,32,20,469,1
1,0.166666667,1,0,0,0,0,0,11,66,928,1
1,0,1,0,0,161,1,0,1811,485,403,1
1,0.083333333,2,0,0,50,0,0,1277,13,0,1
1,0.133333333,3,0.117647059,0,122,0,0,391,455,13,1
1,0,2,0,0,145,0,0,3152,5874,5086,1
1,0.615384615,1,0,0,0,0,0,155,51,421,1
1,0,4,0,0,31,0,0,17193,356,590,1
1,0,1,0,0,162,1,0,1491,257,501,1
1,0,1,0,0,153,0,0,99,410,692,1
1,0,1,0,1,82,0,0,31,22,242,1
1,0.533333333,2,0,0,7,0,0,1,14,449,1
1,0.533333333,2,0,0,0,0,0,5,49,561,1
1,0,1,0,0,0,0,0,2069,228,666,1
1,0,3,0,0,0,0,0,1586,574,575,1
1,0,4,0,0,120,0,0,455,87,91,1
1,0,1,0,0,159,0,0,80592,2308,2,1
1,0,1,0,0,58,0,1,10,0,1,1
1,0,3,0,0,0,0,0,305,2638,4,1
1,0,1,0,0,74,0,0,68,36,2,1
1,0,2,0,0,62,0,0,5507,175,620,1
1,0.133333333,2,0,0,91,0,0,84,113,860,1
1,0,2,0,0,121,1,0,315,59,780,1
1,0,2,0,0,152,0,0,140,165,588,1
1,0.533333333,2,0,0,20,0,0,41,31,641,1
1,0.222222222,1,0.285714286,0,0,0,0,27055,417,6218,1
1,0,1,0,0,41,0,0,4,7,73,1
1,0,1,0,0,19,0,1,28,23,172,1
1,0,2,0,0,132,0,0,191,70,111,1
1,0.090909091,2,0,0,0,0,0,331,23,121,1
1,0,2,0,0,124,0,0,2825,3447,1369,1
1,0.666666667,1,0,0,0,0,0,0,0,4,1
1,0.363636364,1,0,0,77,0,0,59469,11002,9505,1
1,0,3,0,0,152,1,0,2225,1856,5133,1
1,0,2,0,0,0,0,0,369,187,1602,1
1,0,1,0,0,173,1,0,1903,1296,205,1
1,0,2,0,0,25,0,0,208,1164,132,1
1,0,2,0,0,0,0,0,3,3,33,1
1,0,1,0,1,16,0,0,1250,29,0,1
1,0.111111111,2,0,0,0,0,0,4,4,15,1
1,0.066666667,3,0,0,0,0,0,5580,52,176,1
1,0,2,0,0,0,0,0,218,21,302,1
1,0,4,0,0,158,0,0,14120,1948,845,1
1,0,2,0,0,83,0,0,820,82,629,1
1,0,1,0,0,65,0,0,167348,5899,5170,1
1,0.076923077,2,0,0,0,0,0,0,0,48,1
1,0,2,0,0,0,0,1,0,13,823,1
1,0.066666667,2,0,0,0,0,0,12,6,52,1
1,0,2,0,0,50,0,0,727,170,3002,1
1,0.333333333,2,0,0,65,0,0,515,97,123,1
1,0.076923077,2,0,0,0,0,0,0,0,47,1
1,0,2,0,0,156,1,0,5244,74,416,1
1,0,1,0,0,0,0,0,390,25,291,1
1,0.090909091,2,0,0,109,0,0,716,771,798,1
1,0,1,0,1,156,0,0,13076,106,1,1
1,0,1,0,0,49,0,0,466,101,121,1
1,0,2,0,0,44,0,0,201,382,353,1
1,0,3,0,0,120,1,0,229,1009,49,1
1,0.533333333,2,0,0,72,0,0,2718,76,88,1
1,0,3,0,0,0,0,0,1258,159,1070,1
1,0,2,0,0,0,0,0,10,15,2,1
1,0,1,0,0,92,1,0,11170,16640,18968,1
1,0.533333333,2,0,0,0,0,0,320,0,8,1
1,0,3,0,0,54,0,0,618,183,0,1
1,0.1,1,0,0,6,0,0,11,5,58,1
1,0,1,0,1,162,0,0,3014,579,485,1
1,0,2,0,0,28,0,0,10959,4750,184,1
1,0.142857143,2,0,0,0,0,0,224,7,59,1
1,0.307692308,1,0,0,0,0,0,37,14,634,1
1,0,2,0,0,0,0,0,17,126,262,1
1,0,1,0,0,94,0,0,13,102,353,1
1,0.571428571,2,0,0,0,0,0,1288,120,127,1
1,0,2,0,0,35,0,0,21267,309,684,1
1,0.25,4,0,0,0,0,0,15,0,20,1
1,0,2,0,0,153,1,0,653,1086,4962,1
1,0,2,0,0,0,0,0,987,22,282,1
1,0.533333333,2,0,0,0,0,0,2,0,8,1
1,0,1,0,0,62,0,1,32900,123,608,1
1,0,1,0,0,38,0,0,1125,716,683,1
1,0.125,2,0,0,157,0,0,1341,98,69,1
1,0.533333333,2,0,0,0,0,0,0,26,278,1
1,0,1,0,0,97,0,0,99257,261763,404,1
1,0.066666667,1,0,0,0,0,0,13,8,236,1
1,0,2,0,0,145,0,0,2463,465,134,1
1,0,1,0,0,159,1,0,11925,698,4054,1
1,0,2,0,0,157,0,0,50,194,50,1
1,0,1,0,0,79,0,0,201,439,1871,1
1,0,2,0,0,153,0,0,5519,32,2,1
1,0,2,0,0,0,0,0,270,180,58,1
1,0.533333333,1,0,0,0,0,0,0,2,194,1
1,0,2,0,0,0,0,0,410,128,16,1
1,0.222222222,1,0,0,0,0,0,32,169,1761,1
1,0.333333333,2,0,0,144,1,0,235,390,756,1
1,0,1,0,0,0,0,0,545,160,956,1
1,0.142857143,2,0,0,22,0,0,541,35,164,1
1,0.181818182,2,0,0,0,0,0,5454,89,299,1
1,0.142857143,3,0,0,25,0,0,42774,10294,8606,1
1,0,2,0,0,162,0,0,185,717,1026,1
1,0,1,0,0,13,0,0,25,8,149,1
1,0.533333333,2,0,0,0,0,0,13759,248,943,1
1,0.090909091,1,0,0,160,0,0,499,1207,191,1
1,0,2,0,0,0,0,0,8,50,107,1
1,0.083333333,1,0,0,0,0,0,0,0,24,1
1,0,2,0,0,81,0,0,277,18,89,1
1,0,1,0,0,0,0,1,89,42,288,1
1,0,2,0,0,0,0,0,2,6,271,1
1,0,3,0,0,0,0,0,0,423,0,1
1,0.066666667,2,0,0,0,0,0,1,0,21,1
1,0,2,0,0,156,1,0,276,415,995,1
1,0,1,0,0,0,0,0,3311,43,114,1
1,0,2,0,0,47,0,0,456,216,550,1
1,0,1,0,0,0,0,0,198,7,5,1
1,0,1,0,0,31,0,0,111642,159950,28915,1
1,0,1,0,0,0,0,0,4,8,111,1
1,0.181818182,1,0,0,4,0,0,352,83,100,1
1,0,2,0,0,89,0,0,3635,2177,376,1
1,0,1,0,0,0,0,0,4565,79,263,1
1,0,2,0,0,0,0,0,1264,325,820,1
1,0,3,0,0,116,0,0,37259,710,6559,1
1,0,2,0,0,153,0,0,8179,9554,4929,1
1,0,1,0,0,0,0,1,1,35,876,1
1,0.133333333,4,0,0,116,0,0,83,154,2297,1
1,0.142857143,1,0,0,8,0,0,0,3,191,1
1,0.444444444,2,0,0,137,0,0,141,27,293,1
1,0,2,0,0,0,0,1,9,16,99,1
1,0,2,0,0,0,0,0,4,1,56,1
1,0,2,0,0,87,0,0,362,223,162,1
1,0,2,0,0,0,0,1,46,12,893,1
1,0.266666667,2,0,0,54,0,0,290,16,52,1
1,0.090909091,2,0,0,27,0,0,16261,113,189,1
1,0.133333333,1,1,0,0,0,0,0,0,13,1
1,0,2,0,0,137,0,0,325,1952,1602,1
1,0,1,0,0,0,0,0,10676,303,398,1
1,0,2,0,0,65,0,0,3589,2279,1606,1
1,0,4,0,0,146,0,0,771,71,120,1
1,0,2,0,0,151,0,1,2521,601,549,1
1,0,2,0,0,151,0,0,2031,3229,3498,1
1,0.4,1,0,0,0,0,0,1905,39,52,1
1,0,4,0,0,122,0,0,6223,27484,2092,1
1,0,2,0,0,11,0,0,89,27,287,1
1,0,2,0,0,76,0,0,6,21,122,1
1,0,2,0,0,103,0,0,11,374,660,1
1,0.285714286,2,0,0,0,0,0,1071,1388,1075,1
1,0,1,0,0,77,0,0,267,101,103,1
1,0,1,0,0,0,0,0,17,238,370,1
1,0.2,2,0,0,25,0,0,1807,3850,3726,1
1,0,2,0,0,11,0,0,21,13,323,1
1,0,1,0,0,0,0,0,860,72,156,1
1,0.5,1,0,0,0,0,1,2096,151,400,1
1,0,1,0,0,6,0,1,17,4,207,1
1,0.666666667,1,0,0,6,0,0,147,6,793,1
1,0.533333333,2,0,0,0,0,0,5,0,25,1
1,0.125,2,0,0,0,0,0,0,0,29,1
1,0,2,0,0,25,0,0,36,12,108,1
1,0,2,0,0,156,0,0,3329,967,31,1
1,0,2,0,0,0,0,0,0,18,156,1
1,0.533333333,1,0,0,0,0,0,0,0,47,1
1,0,2,0,0,0,0,1,3,7,116,1
1,0,2,0,0,0,0,0,67,1,0,1
1,0.066666667,2,0,0,0,0,0,0,2,21,1
1,0.533333333,2,0,0,0,0,0,1,10,111,1
1,0,3,0,0,0,0,1,0,0,4130,1
1,0,2,0,0,0,0,1,120,103,165,1
1,0.133333333,1,0.2,0,0,0,0,3,0,27,1
1,0.666666667,1,0,0,0,0,0,0,3,160,1
1,0,2,0,0,123,0,0,278,155,76,1
1,0.071428571,1,0,0,8,0,0,123943,768,1264,1
1,0.142857143,2,0,0,0,0,0,24700,267,8,1
1,0.533333333,8,0,0,0,0,0,37833,422,3296,1
1,0.090909091,1,0,0,0,0,0,513,13,456,1
1,0.181818182,3,0,0,126,1,0,72820,167483,1366,1
1,0.181818182,2,0,0,4,0,0,4,0,13,1
1,0,1,0,1,78,0,0,162,220,1732,1
1,0,2,0,0,0,0,0,583,185892,0,1
1,0,2,0,0,39,0,0,348,102,28,1
1,0,1,0,1,33,0,0,82,59,182,1
1,0.142857143,1,0,0,0,0,0,700,17,282,1
1,0,1,0,0,0,0,1,6050,178,96,1
1,0,2,0,0,146,0,0,983,654,417,1
1,0,2,0,0,131,1,0,1367,2442,4298,1
1,0.071428571,1,0,0,39,0,0,29746,1077,1429,1
1,0.142857143,3,0.153846154,0,130,0,0,3208,427,1360,1
1,0,1,0,1,0,0,0,411,124,1361,1
1,0.666666667,1,0,0,8,0,0,64008,2758,4668,1
1,0.166666667,1,0,0,11,0,0,1652,4,0,1
1,0,3,0,0,13,0,0,16758,40,126,1
1,0,1,0,0,143,0,0,794,544,379,1
1,0.307692308,2,0,0,0,0,0,1,12,487,1
1,0,4,0,0,145,1,0,2625,2289,12,1
1,0.285714286,1,0,0,3,0,0,4,0,16,1
1,0,1,0,1,0,0,0,269,16,192,1
1,0.571428571,1,0,0,0,0,0,256,73,200,1
1,0,2,0,0,119,0,0,19345,4259,16,1
1,0.111111111,3,0,0,63,0,0,7999,172,2812,1
1,0,2,0,0,108,0,0,1920,128879,291,1
1,0.272727273,1,0,0,0,0,0,1898,129,548,1
1,0,2,0,0,0,0,0,0,16,11,1
1,0,2,0,0,28,0,0,8296,153,395,1
1,0,2,0,0,82,0,0,1681,41,321,1
1,0,2,0,0,103,0,0,305,102,151,1
1,0,2,0,0,159,0,0,501,282,680,1
1,0.4,1,0,0,0,0,0,11,8,51,1
1,0,3,0,0,0,0,0,0,4,9,1
1,0,2,0,0,16,0,1,1829,114,366,1
1,0,2,0,0,61,0,0,12,85,75,1
1,0.076923077,2,0,0,0,0,0,181,114,1049,1
1,0,2,0,0,0,0,0,78,327,146,1
1,0.066666667,2,0,0,0,0,0,22842,481,1037,1
1,0,2,0,0,52,0,0,210,117,120,1
1,0,1,0,1,138,0,0,9855,58973,58080,1
1,0,2,0,0,10,0,1,1937,11,777,1
1,0.071428571,2,0,0,0,0,0,86,134,113,1
1,0,1,0,0,0,0,1,9191,2012,460,1
1,0.666666667,1,0,0,0,0,0,1,1,38,1
1,0.363636364,2,0,0,0,0,0,2,15,45,1
1,0,1,0,1,0,0,0,49,3,104,1
1,0,2,0,0,0,0,0,24,103,581,1
1,0,1,0,0,161,0,0,5743,3471,1886,1
1,0.533333333,1,0,0,0,0,0,234,13,20,1
1,0,8,0,0,128,0,1,1730,3780,770,1
1,0,1,0,0,15,0,0,0,0,22,1
1,0,3,0,0,0,0,0,1609,3467,28,1
1,0,2,0,0,0,0,0,1,5,739,1
1,0,2,0,0,142,0,0,1157,536,3628,1
1,0,2,0,0,149,0,0,6821,28928,1240,1
1,0,3,0,0,8,0,0,1,17,73,1
1,0,2,0,0,157,0,0,4766,51281,54907,1
1,0.111111111,2,0,0,0,0,0,38,17,155,1
1,0,1,0,0,0,0,0,87,23,0,1
1,0,2,0,0,0,0,0,37,114,55,1
1,0,1,0,1,0,0,0,16,7,237,1
1,0,2,0,0,156,0,1,162,26,548,1
1,0,2,0,0,53,0,0,3653,5082,68,1
1,0,1,0,0,25,0,1,10693,204,199,1
1,0,2,0,0,46,0,0,141,73,107,1
1,0,2,0,0,0,0,1,74,15,103,1
1,0.133333333,2,0,0,0,0,0,18,43,491,1
1,0,2,0,0,46,0,0,3008,10915,121,1
1,0,1,0,1,160,0,0,279,40,140,1
1,0,2,0,0,3,0,0,121,67,877,1
1,0,2,0,0,59,0,0,26,117,138,1
1,0,2,0,0,128,1,0,66,158,11,1
1,0,1,0,0,0,0,0,106,404,20,1
1,0,1,0,0,2,0,0,649,27,4,1
1,0,2,0,0,0,0,0,31,8,5,1
1,0.25,2,0,0,94,0,0,8166,3815,780,1
1,0.5,1,0.4,0,28,0,0,47,46,96,1
1,0,1,0,0,0,0,1,39,39,4516,1
1,0,1,0,0,115,0,0,5311,10137,600,1
1,0.1,4,0,0,60,0,0,4897,7596,538,1
1,0,2,0,0,66,0,0,668,153,124,1
1,0,2,0,0,133,0,0,4732,3992,4829,1
1,0,2,0,0,84,0,0,2410,450,1803,1
1,0,1,0,0,32,1,0,1160,8130,863,1
1,0.166666667,2,0,0,0,0,0,224,86,710,1
1,0.125,2,0,0,0,0,0,124,8,171,1
1,0,1,0,1,0,0,1,910,348,0,1
1,0.444444444,3,0,0,0,0,1,496,1,51,1
1,0.333333333,1,0.25,0,31,0,0,23395,810,2721,1
1,0,1,0,0,10,0,0,4122,876,104,1
1,0,2,0,0,0,0,1,10,2,0,1
1,0.307692308,1,0,0,13,0,0,251,103,550,1
1,0,1,0,0,0,0,0,119,27,313,1
1,0,2,0,0,157,0,0,1078,5776,1118,1
1,0,2,0,0,113,0,0,252,429,279,1
1,0.333333333,2,0,0,162,0,0,319,1740,1129,1
1,0,2,0,0,46,0,0,247,406,68,1
1,0.2,2,0,0,0,0,0,149,92,1026,1
1,0.533333333,2,0,0,7,0,0,71,8,1,1
1,0.2,1,0,0,0,0,0,731,188,1706,1
1,0.181818182,3,0,0,92,0,0,5,5,38,1
1,0,2,0,0,114,1,0,19049,117087,1854,1
1,0,2,0,0,53,0,0,2105,56,10,1
1,0,1,0,0,15,0,0,79,9,272,1
1,0,2,0,0,122,0,0,114,132,279,1
1,0,2,0,0,160,0,0,127,875,20,1
1,0,2,0,0,94,0,0,30,73,309,1
1,0.571428571,2,0,0,50,0,0,426,362,2103,1
1,0.071428571,2,0,0,0,0,0,2,14,350,1
1,0,4,0,0,159,1,0,814,348,2990,1
1,0.071428571,4,0,0,123,0,0,166,1032,214,1
1,0.363636364,2,0,0,0,0,0,110,6,131,1
1,0.214285714,2,0,0,66,0,0,1664,29,74,1
1,0,1,0,0,149,0,0,1657,402,591,1
1,0.1,3,0,0,0,0,0,35,2,206,1
1,0.2,1,0,0,0,0,0,16,18,82,1
1,0.071428571,2,0,0,17,0,0,22486,190,4206,1
1,0.333333333,1,0,0,0,0,1,1268,396,376,1
1,0,2,0,0,108,0,0,6284,149,322,1
1,0,2,0,0,36,0,0,325,137,285,1
1,0,3,0,0,142,0,0,50142,4319,4749,1
1,0,2,0,0,0,0,0,0,4,301,1
1,0,2,0,0,135,0,0,45,425,622,1
1,0,1,0,1,101,0,0,488,3230,3472,1
1,0,1,0,0,0,0,0,2,2,42,1
1,0.25,2,0,0,0,0,0,3051,45,326,1
1,0.1,2,0,0,35,0,0,4784,84,387,1
1,0,1,0,0,78,1,0,282,624,111,1
1,0,2,0,0,24,0,0,87,37,211,1
1,0.066666667,2,0,0,0,0,0,11,9,177,1
1,0,3,0,0,142,0,0,7242,4708,484,1
1,0,1,0,0,0,0,0,0,33,51,1
1,0.222222222,2,0.153846154,0,0,0,0,20,53,137,1
1,0,3,0,0,123,0,0,487,142,132,1
1,0,2,0,0,127,0,0,442,2238,925,1
1,0,4,0,0,123,0,1,21,29,425,1
1,0,3,0,0,118,1,1,12776,1944,558,1
1,0.4,2,0,0,114,1,0,137,154,132,1
1,0,2,0,0,0,0,0,98,354,4835,1
1,0,1,0,0,112,1,0,3512,114,186,1
1,0,2,0,0,138,0,0,16120,5209,945,1
1,0,2,0,0,159,0,0,789,68,288,1
1,0.5,1,0.4,0,0,0,0,315,50,975,1
1,0,2,0,0,69,0,0,82,2183,220,1
1,0,2,0,0,0,0,0,6,2,18,1
1,0.153846154,3,0,0,93,0,0,77,4188,201,1
1,0,4,0,0,46,0,0,9353,259,1855,1
1,0,2,0,0,4,0,0,195,90,289,1
1,0,2,0,0,68,0,0,29345,1241,1658,1
1,0,3,0,0,97,0,0,2610,2509,2869,1
1,0.066666667,2,0,0,88,0,0,90,2261,2855,1
1,0,1,0,1,0,0,0,31,60,0,1
1,0.111111111,5,0,0,158,0,0,11498,1163,5391,1
1,0,2,0,0,148,0,0,2260,5335,2732,1
1,0,2,0,0,0,0,0,32993,160,198,1
1,0,2,0,0,108,0,0,3784,427,718,1
1,0,1,0,0,0,0,0,35,66,433,1
1,0,2,0,0,101,0,0,3,22,0,1
1,0.111111111,1,0,0,5,0,0,46,23,384,1
1,0.153846154,2,0,0,0,0,0,0,7,70,1
1,0.153846154,2,0,0,0,0,0,22,21,96,1
1,0,1,0,0,23,0,0,4133,1483,1563,1
1,0,1,0,0,156,1,0,5291,2572,27,1
1,0.454545455,1,0,0,0,0,0,13699,177,264,1
1,0.25,1,0,0,0,0,0,0,8,175,1
1,0.083333333,1,0.083333333,1,12,0,0,4897,136,717,1
1,0,2,0,0,0,0,0,18,23,188,1
1,0,2,0,0,147,1,1,145,180,0,1
1,0.3,1,0,0,13,0,0,48,193,1479,1
1,0,2,0,0,158,1,0,11766,1653,2124,1
1,0.166666667,1,0,0,0,0,1,368,153,236,1
1,0,2,0,0,30,0,0,1074,297,1358,1
1,0,2,0,0,60,0,0,4446,986,771,1
1,0,1,0,0,0,0,0,10,31,692,1
1,0,2,0,0,32,0,0,4,29,192,1
1,0.615384615,1,0,0,0,0,0,26,24,543,1
1,0.285714286,4,0,0,10,0,0,3624,134,1125,1
1,0.533333333,2,0,0,0,0,0,126,0,2,1
1,0.285714286,6,0,0,160,0,0,3203,577,256,1
1,0,2,0,0,104,0,0,12,26,188,1
1,0.133333333,1,0,0,0,0,1,18017,104,1525,1
1,0,1,0,0,0,0,1,411,0,42,1
1,0.363636364,2,0.363636364,0,63,1,0,2097,301,87,1
1,0,1,0,0,34,0,0,86,1627,2077,1
1,0,1,0,0,17,0,0,2128,124,132,1
1,0.222222222,1,0.222222222,0,0,0,0,61,12,1958,1
1,0.428571429,4,0,0,150,0,0,65392,674,215,1
1,0,1,0,0,98,0,0,3170,25,4,1
1,0,1,0,0,64,0,1,1515,61,226,1
1,0,3,0,0,64,1,0,5984,1706,57,1
1,0,2,0,0,0,0,0,56,32,102,1
1,0,3,0,0,0,0,0,47,23,104,1
1,0.3,2,0,0,0,0,0,1,0,4,1
1,0.222222222,3,0,0,0,0,0,0,0,3,1
1,0,2,0,0,148,0,0,3644,464,295,1
1,0,1,0,1,162,0,0,514,1109,1287,1
1,0,2,0,0,146,0,0,48,1709,2642,1
1,0,5,0,0,65,0,1,2565,8562,1015,1
1,0.111111111,1,0,0,143,1,0,586,10,30,1
1,0,2,0,0,0,0,0,2,4,185,1
1,0,3,0,0,160,0,0,599,302,315,1
1,0,1,0,1,152,0,0,677,53,32,1
1,0,4,0,0,30,0,0,168,323,228,1
1,0.818181818,1,0.333333333,0,0,0,0,0,1,12,1
1,0.133333333,2,0,0,0,0,0,77,19,160,1
1,0,2,0,0,111,0,1,18,37,118,1
1,0,6,0,0,153,0,0,1178,110,24,1
1,0,2,0,0,87,0,0,2279,919,165,1
1,0,3,0,0,51,0,0,1452,447,862,1
1,0,2,0,0,158,0,0,12201,3077,3173,1
1,0,2,0,0,0,0,0,3,7,47,1
1,0,2,0,0,0,0,0,0,14,293,1
1,0,2,0,0,128,0,0,229,23,31,1
1,0,1,0,1,139,0,0,2838,1069,719,1
1,0,2,0,0,0,0,0,28,116,279,1
1,0.2,3,0,0,106,0,0,75,168,76,1
1,0,2,0,0,137,0,0,313,120,113,1
1,0.533333333,1,0,0,0,0,0,0,28,776,1
1,0,2,0,0,0,0,0,17,36,272,1
1,0,5,0,0,145,0,0,4550,581,2228,1
1,0.076923077,2,0,0,0,0,0,100,102,148,1
1,0,2,0,0,116,0,1,85,474,335,1
1,0,5,0,0,147,0,0,58,12,0,1
1,0.636363636,1,0,0,100,0,0,334,25,0,1
1,0,2,0,0,0,0,0,7,2,20,1
1,0.4,1,0,0,0,0,0,0,0,142,1
1,0,1,0,1,140,0,0,13,28,23,1
1,0,1,0,0,105,0,0,64,146,172,1
1,0,3,0,0,0,0,0,97,760,18,1
1,0.166666667,1,0,0,0,0,0,1,4,82,1
1,0,2,0,0,159,0,0,3715,1346,502,1
1,0.076923077,1,0,0,33,0,0,20460,149,646,1
1,0.071428571,2,0,0,0,0,0,34,13,138,1
1,0,2,0,0,0,0,0,4,76,1496,1
1,0,2,0,0,172,1,0,1435,893,326,1
1,0.125,1,0,0,0,0,1,14,15,5164,1
1,0,1,0,0,0,0,0,11,173,696,1
1,0,1,0,0,0,0,0,69,12,62,1
1,0.111111111,1,0,0,0,0,1,0,1,7,1
1,0,8,0,0,154,0,0,591,40345,9,1
1,0,2,0,0,85,0,0,9198,19174,2272,1
1,0.5,3,0,0,160,0,0,22260,474,2005,1
1,0,2,0,0,0,0,0,1830,22,159,1
1,0,2,0,0,38,0,0,2363,688,568,1
1,0,1,0,0,0,0,0,73,27,454,1
1,0.153846154,1,0.153846154,1,0,0,0,38,2,84,1
1,0.111111111,2,0,0,149,0,0,3459,108,102,1
1,0,1,0,0,42,0,0,165,26,262,1
1,0,3,0,0,108,0,0,1,23,10,1
1,0,2,0,0,58,0,0,93,45,114,1
1,0,1,0,0,72,0,1,445,175,525,1
1,0.133333333,1,0,0,117,0,0,440,3139,3317,1
1,0,7,0,0,0,0,0,2050,1483,3,1
1,0,3,0,0,82,0,0,1459,194,187,1
1,0.071428571,1,0.133333333,0,82,0,0,70,278,1097,1
1,0,2,0,0,77,1,0,40519,7863,361,1
1,0.1,2,0,0,126,0,0,59,186,193,1
1,0,2,0,0,79,0,0,51,326,80,1
1,0.076923077,2,0,0,4,0,0,0,1,43,1
1,0,1,0,0,17,0,0,4695,108,138,1
1,0,2,0.692307692,0,0,0,0,12,8,100,1
1,0,2,0,0,43,0,0,258,327,242,1
1,0,1,0,0,99,0,0,4237,78,42,1
1,0,1,0,1,111,0,0,30333,270,1,1
1,0.533333333,1,0,0,0,0,0,2,194,4910,1
1,0.333333333,2,0,0,0,0,0,13146,35,31,1
1,0,1,0,0,31,0,0,195,28,165,1
1,0.083333333,2,0.05,0,111,0,0,1259,38,35,1
1,0.2,1,0,0,141,0,0,2785,2089,4231,1
1,0,2,0,0,33,0,0,469,34,342,1
1,0,2,0,0,148,0,0,2403,1901,230,1
1,0,3,0,0,146,0,0,122417,47185,43637,1
1,0,1,0,0,161,0,0,2408,135,377,1
1,0.1,1,0,0,0,0,0,0,46,2111,1
1,0.111111111,2,0,0,0,0,0,7,0,0,1
1,0,1,0,1,138,0,0,155,1567,2164,1
1,0.111111111,1,0,0,0,0,1,8,1,432,1
1,0,1,0,1,153,0,0,1599,57,145,1
1,0,1,0,0,0,0,0,0,1,14,1
1,0,3,0,0,159,0,0,124,127,102,1
1,0,1,0,0,35,0,0,0,4,54,1
1,0,3,0,0,94,0,0,73,98,604,1
1,0,2,0,0,0,0,1,1,0,410,1
1,0,2,0,0,0,0,0,752,154,255,1
1,0,2,0,0,0,0,0,378,51,206,1
1,0,2,0,0,0,0,0,2,11,15,1
1,0,1,0,1,10,0,0,6,2,7,1
1,0.333333333,3,0,0,99,0,1,40,16,693,1
1,0.142857143,2,0,0,73,0,0,3249,21,845,1
1,0.142857143,2,0,0,7,0,0,104,3,34,1
1,0.142857143,1,0,0,0,0,0,9,66,207,1
1,0,3,0,0,134,0,0,149,2184,4284,1
1,0.444444444,4,0,0,122,0,0,33603,854,984,1
1,0,2,0,0,0,0,0,0,7,0,1
1,0,2,0,0,144,0,0,91,2522,106,1
1,0.5,2,0,0,47,0,0,12,17,198,1
1,0,1,0,0,0,0,0,668,86,691,1
1,0,3,0,0,0,0,0,2,1,47,1
1,0,3,0,0,162,1,0,2059,673,497,1
1,0,2,0,0,0,0,0,0,1,57,1
1,0.533333333,1,0,0,0,0,0,1,6,56,1
1,0,2,0,0,62,0,0,10453,1736,992,1
1,0,2,0,0,0,0,1,0,0,13,1
1,0,1,0,1,155,0,0,355,142,3442,1
1,0,1,0,0,0,0,0,1,20,396,1
1,0,3,0,0,148,1,0,7468,3913,34,1
1,0,2,0,0,0,0,0,969,18,114,1
1,0.066666667,1,0,0,0,0,0,3,0,144,1
1,0,2,0,0,158,0,0,1156,84,233,1
1,0,1,0,0,0,0,0,453,242,65,1
1,0.375,1,0,0,0,0,0,1,13,102,1
1,0,1,0,0,125,0,0,870,1461,941,1
1,0.533333333,2,0,0,0,0,0,1,2,12,1
1,0,2,0,0,154,0,0,843,53,55,1
1,0.153846154,2,0,0,0,0,0,4,131,311,1
1,0,5,0,0,94,0,0,7761,229,78,1
1,0,2,0,0,67,0,0,1381,1284,649,1
1,0,2,0,0,123,1,0,626,838,936,1
1,0,3,0,0,131,0,0,292,354,156,1
1,0,2,0,0,76,0,0,209,169,283,1
1,0.142857143,1,0,0,0,0,0,2590,4,12,1
1,0.2,1,0,0,66,0,1,15306,315,1842,1
1,0.615384615,1,0,0,0,0,0,13,10,168,1
1,0,2,0,0,112,0,1,89,123,362,1
1,0.111111111,1,0.166666667,0,140,1,0,7399,17187,14369,1
1,0,4,0,0,153,0,0,1955,31,5,1
1,0,3,0,0,159,0,0,789,37,67,1
1,0,4,0,0,0,0,0,108,30,823,1
1,0,1,0,0,62,0,0,42,0,52,1
1,0,1,0,0,6,0,1,37,18,386,1
1,0,1,0,0,7,0,0,3004,111,1439,1
1,0.066666667,1,0,0,0,0,0,1,2,33,1
1,0,6,0.033333333,0,95,0,0,878,90,255,1
1,0,2,0,0,55,0,0,559,34,100,1
1,0.266666667,2,0,0,21,0,0,4416,2628,5204,1
1,0.1,2,0,0,0,0,0,3520,17,117,1
1,0.153846154,3,0.086956522,0,121,0,0,179724,3623,3929,1
1,0.090909091,1,0.090909091,1,0,0,0,153,53,76,1
1,0,2,0,0,86,0,0,1,165,7,1
1,0,3,0,0,73,0,0,9311,5275,3177,1
1,0.533333333,1,0,0,0,0,0,9,2,0,1
1,0,2,0,0,39,0,0,24847,5911,5748,1
1,0,4,0,0,61,0,0,75621,15435,16123,1
1,0.571428571,1,0,0,0,0,0,45,53,43,1
1,0,3,0,0,127,0,0,30822,4423,5246,1
1,0.266666667,1,0,0,0,0,1,363,1,215,1
1,0,2,0,0,0,0,0,0,0,13,1
1,0.4,2,0,0,33,0,0,10426,219,962,1
1,0.25,2,0,0,43,0,1,261,32,479,1
1,0,2,0,0,0,0,0,0,14,45,1
1,0.222222222,2,0,0,0,0,0,230,66,646,1
1,0,1,0,0,0,0,0,731,633,97,1
1,0,1,0,0,144,0,0,309,1068,683,1
1,0,1,0,1,125,0,0,456,210,377,1
1,0,3,0,0,23,0,0,4550,1814,922,1
1,0,2,0,0,136,0,1,555,177,563,1
1,0,1,0,0,97,0,0,695,188,381,1
1,0.615384615,1,0,0,0,0,0,15,1,36,1
1,0.066666667,2,0,0,0,0,1,2,13,2116,1
1,0,1,0,1,156,0,0,5010,8285,749,1
1,0,2,0,0,0,0,0,924,551,0,1
1,0,2,0,0,0,0,0,78,9,63,1
1,0,2,0.181818182,0,104,0,0,26524,1913,552,1
1,0.285714286,7,0,0,160,0,0,148926,31377,3053,1
1,0.615384615,1,0,0,0,0,0,3756,144,463,1
1,0,2,0,0,45,0,0,305,77,76,1
1,0,1,0,0,72,1,0,2617,1380,176,1
1,0,1,0,0,40,0,1,12566,149,218,1
1,0,1,0,0,91,0,0,179,25,577,1
1,0,2,0,0,105,0,0,2370,1576,3197,1
1,0,3,0,0,153,0,0,138,66,203,1
1,0.5,1,0,0,17,0,0,412,59,642,1
1,0,2,0,0,0,0,0,5707,108,137,1
1,0.25,1,0,0,0,0,0,795,23,86,1
1,0,5,0,0,118,0,0,558,709,446,1
1,0.533333333,2,0,0,0,0,0,2,8,50,1
1,0.066666667,8,0,0,160,0,0,2179,1337,880,1
1,0,1,0,0,0,0,0,50,610,1841,1
1,0,1,0,0,0,0,1,0,3,38,1
1,0,2,0,0,159,0,0,172,272,742,1
1,0.266666667,1,0,0,0,0,0,0,4,64,1
1,0,2,0,0,3,0,0,1167,28,31,1
1,0,2,0,0,17,0,0,5,0,33,1
1,0,3,0,0,0,0,1,15,8,221,1
1,0,1,0,0,43,0,0,12,3,98,1
1,0,3,0,0,160,1,0,1434,5029,1670,1
1,0.066666667,1,0,0,106,0,0,5541,2680,62,1
1,0.533333333,2,0,0,0,0,0,1,1,36,1
1,0.181818182,2,0,0,0,0,0,3205,59,278,1
1,0,2,0,0,0,0,0,3,12,50,1
1,0,3,0,0,48,0,0,4628,172,1232,1
1,0.181818182,1,0,0,22,0,0,38967,1197,1399,1
1,0.2,1,0,0,9,0,0,306,38,645,1
1,0,4,0,0,147,0,0,99,96,208,1
1,0,4,0,0,134,0,0,23254,34185,26273,1
1,0,3,0,0,0,0,0,15535,3048,474,1
1,0,1,0.1,0,0,0,0,16,35,152,1
1,0.25,1,0.5,0,91,0,1,302,87,453,1
1,0,2,0,0,83,0,1,6,9,462,1
1,0,2,0,0,143,0,0,15247,177,33,1
1,0.266666667,2,0,0,136,0,0,42,124,438,1
1,0,1,0,0,56,0,0,3078,63,1,1
1,0,2,0,0,0,0,1,443,159,433,1
1,0,2,0,0,0,0,0,19,1,5,1
1,0,2,0,0,0,0,0,1047,219,149,1
1,0.375,1,0,0,0,0,0,1618,374,841,1
1,0.4,1,0.444444444,0,0,0,0,618,51,354,1
1,0,3,0,0,94,0,0,24,53,170,1
1,0,2,0,0,20,0,0,32,20,469,1
1,0.166666667,1,0,0,0,0,0,11,66,928,1
1,0,1,0,0,161,1,0,1811,485,403,1
1,0.083333333,2,0,0,50,0,0,1277,13,0,1
1,0.133333333,3,0.117647059,0,122,0,0,391,455,13,1
1,0,2,0,0,145,0,0,3152,5874,5086,1
1,0.615384615,1,0,0,0,0,0,155,51,421,1
1,0,4,0,0,31,0,0,17193,356,590,1
1,0,1,0,0,162,1,0,1491,257,501,1
1,0,1,0,0,153,0,0,99,410,692,1
1,0,1,0,1,82,0,0,31,22,242,1
1,0.533333333,2,0,0,7,0,0,1,14,449,1
1,0.533333333,2,0,0,0,0,0,5,49,561,1
1,0,1,0,0,0,0,0,2069,228,666,1
1,0,3,0,0,0,0,0,1586,574,575,1
1,0,4,0,0,120,0,0,455,87,91,1
1,0,1,0,0,159,0,0,80592,2308,2,1
1,0,1,0,0,58,0,1,10,0,1,1
1,0,3,0,0,0,0,0,305,2638,4,1
1,0,1,0,0,74,0,0,68,36,2,1
1,0,2,0,0,62,0,0,5507,175,620,1
1,0.133333333,2,0,0,91,0,0,84,113,860,1
1,0,2,0,0,121,1,0,315,59,780,1
1,0,2,0,0,152,0,0,140,165,588,1
1,0.533333333,2,0,0,20,0,0,41,31,641,1
1,0.222222222,1,0.285714286,0,0,0,0,27055,417,6218,1
1,0,1,0,0,41,0,0,4,7,73,1
1,0,1,0,0,19,0,1,28,23,172,1
1,0,2,0,0,132,0,0,191,70,111,1
1,0.090909091,2,0,0,0,0,0,331,23,121,1
1,0,2,0,0,124,0,0,2825,3447,1369,1
1,0.666666667,1,0,0,0,0,0,0,0,4,1
1,0.363636364,1,0,0,77,0,0,59469,11002,9505,1
1,0,3,0,0,152,1,0,2225,1856,5133,1
1,0,2,0,0,0,0,0,369,187,1602,1
1,0,1,0,0,173,1,0,1903,1296,205,1
1,0,2,0,0,25,0,0,208,1164,132,1
1,0,2,0,0,0,0,0,3,3,33,1
1,0,1,0,1,16,0,0,1250,29,0,1
1,0.111111111,2,0,0,0,0,0,4,4,15,1
1,0.066666667,3,0,0,0,0,0,5580,52,176,1
1,0.2,2,0,0,35,0,0,720,295,504,1
1,0,1,0,0,145,0,0,15611,881,202,1
1,0,2,0,0,28,0,0,10923,177,136,1
1,0.285714286,1,0.285714286,1,4,0,0,25,52,662,1
1,0,5,0,0,18,0,1,50,103,732,1
1,0,2,0,0,117,0,0,527,36,307,1
1,0,1,0,0,0,0,0,4,0,65,1
1,0,3,0,0,143,0,0,678,410,224,1
1,0,2,0,0,69,0,0,143,38,86,1
1,0,2,0,0,79,0,0,3478,6150,1,1
1,0.181818182,1,0,0,0,0,1,4442,231,3177,1
1,0.555555556,1,0,0,35,0,0,2314,1388,2033,1
1,0,5,0.04,0,158,0,0,249932,37179,28813,1
1,0,2,0,0,28,0,0,537,25,42,1
1,0.2,2,0,0,0,0,0,13,0,59,1
1,0,2,0,0,0,0,0,1,7,91,1
1,0.083333333,1,0,0,0,0,0,0,2,1,1
1,0,2,0,0,42,0,0,989,646,87,1
1,0,2,0,0,39,0,0,195,74,453,1
1,0.071428571,1,0,0,0,0,0,0,137,4385,1
1,0.083333333,1,0,0,0,0,0,15,35,128,1
1,0.166666667,3,0,0,0,0,0,650,108,380,1
1,0,2,0,0,0,0,0,9,50,1613,1
1,0,2,0,0,14,0,1,2,1,74,1
1,0.333333333,2,0,0,31,0,0,564,52,350,1
1,0,1,0,1,161,1,0,220,541,63,1
1,0,1,0,1,0,0,0,1082,67,53,1
1,0.090909091,1,0.142857143,0,3,0,0,32,1,0,1
1,0.444444444,2,0,0,0,0,0,74,15,108,1
1,0,2,0,0,140,1,0,1192,1222,3612,1
1,0,2,0,0,18,0,1,4470,42,70,1
1,0,2,0,0,0,0,0,19,148,163,1
1,0,3,0,0,52,0,0,91,5,148,1
1,0.1,2,0,0,0,0,0,20,0,5,1
1,0.333333333,2,0,0,69,0,0,1093,143,363,1
1,0,1,0,0,57,0,0,68,406,30,1
1,0.142857143,2,0,0,120,0,0,12111,6455148,633,1
1,0,1,0,1,38,0,0,167,31,171,1
1,0,3,0,0,157,0,0,1895,332,1392,1
1,0,3,0,0,33,0,0,0,70,1,1
1,0.533333333,2,0,0,72,0,0,5793,87,271,1
1,0,1,0,0,51,0,1,16775,1059,3040,1
1,0.083333333,2,0,0,0,0,0,1585,329,192,1
1,0,2,0,0,158,0,0,696,9772,0,1
1,0,2,0,0,45,0,0,289,73,63,1
1,0,3,0,0,16,0,0,9,9,45,1
1,0,2,0,0,163,0,0,281,280,716,1
1,0,1,0,0,0,0,0,263,622,58,1
1,0,2,0,0,0,0,0,147,29,288,1
1,0,4,0,0,166,1,0,416,569,2881,1
1,0,2,0,0,0,0,0,0,0,19,1
1,0,2,0,0,0,0,0,15,310,62,1
1,0.2,1,0,0,0,0,0,11272,406,4812,1
1,0.2,1,0,0,34,0,0,1008,1561,2329,1
1,0.333333333,1,0,0,0,0,0,1,6,60,1
1,0.75,2,0,0,56,0,0,362,202,708,1
1,0,3,0,0,127,0,0,235,382,130,1
1,0,3,0,0,127,0,0,371,55,46,1
1,0,2,0,0,155,0,0,1964,56524,9,1
1,0,1,0,0,13,0,0,658,2413,3163,1
1,0.4,2,0,0,0,0,0,31,168,0,1
1,0,3,0,0,127,0,0,122,47,56,1
1,0,1,0,0,25,0,0,99,6,12,1
1,0,1,0,0,0,0,0,3,107,255,1
1,0,1,0,0,0,0,0,133,25,411,1
1,0,1,0,0,157,0,0,1546,355,77,1
1,0,2,0,0,0,0,0,19,11,212,1
1,0,2,0,0,152,0,0,4135,258,1148,1
1,0,6,0,0,159,1,0,548,197,36,1
1,0.533333333,2,0,0,3,0,0,1,2,110,1
1,0,6,0,0,118,0,0,488,151,128,1
1,0,2,0,0,87,1,0,382,365,409,1
1,0,1,0,0,158,0,0,97,24042,7524,1
1,0,3,0,0,0,0,0,28,45,240,1
1,0.5,1,0.5,1,105,0,0,1051,1097,1218,1
1,0.4,1,0,0,135,0,0,3194,74,23,1
1,0.230769231,1,0.230769231,1,150,0,1,29144,22507,271,1
1,0,3,0,0,76,0,0,49,61,56,1
1,0,2,0,0,0,0,0,123,73,798,1
1,0.571428571,1,0,0,0,0,0,42,1,53,1
1,0,3,0,0,160,1,0,486,179,297,1
1,0,2,0,0,21,0,0,6602,151,315,1
1,0,2,0,0,0,0,0,2894,32,426,1
1,0.444444444,1,0.210526316,0,0,0,0,5,36,2001,1
1,0,1,0,1,106,0,0,2026,521,90,1
1,0,1,0,0,157,0,0,2314,73,116,1
1,0,1,0,0,86,0,0,68428,547,558,1
1,0.111111111,4,0.02,0,160,0,0,52202,16904,18579,1
1,0,1,0,0,2,0,0,1047,197,1087,1
1,0,2,0,0,44,0,0,1346,240,53,1
1,0,2,0,0,7,0,0,5,63,48,1
1,0,1,0,0,99,0,0,1497,85,0,1
1,0,3,0,0,152,0,0,3423,17766,54052,1
1,0.363636364,1,0,0,13,0,0,397,103,276,1
1,0,2,0,0,9,0,0,4687,68,200,1
1,0.5,1,0.333333333,0,106,0,0,53526,666,1118,1
1,0,1,0,0,0,0,0,3312,63,902,1
1,0,2,0,0,0,0,0,15,33,339,1
1,0,1,0,0,0,0,0,21,25,101,1
1,0,1,0,0,135,0,0,318,209,449,1
1,0.533333333,2,0,0,0,0,0,2,1,43,1
1,0.333333333,2,0,0,0,0,0,68118,527,128,1
1,0.181818182,2,0,0,82,0,0,2878,85,219,1
1,0.333333333,1,0,0,0,0,0,1115,75,264,1
1,0,2,0,0,20,0,0,0,74,0,1
1,0,2,0,0,0,0,0,17,11,759,1
1,0,1,0,0,0,0,0,221,307,143,1
1,0.166666667,1,0,0,0,0,0,648,19,522,1
1,0.375,2,0,0,0,0,0,5,6,35,1
1,0,1,0,1,21,0,0,7253,298,332,1
1,0.1,2,0,0,0,0,0,1004,28,0,1
1,0.533333333,2,0,0,0,0,0,0,3,2,1
1,0,3,0,0,5,0,0,15,6,17,1
1,0,1,0,1,0,0,0,18050,104,65,1
1,0.533333333,2,0,0,165,0,0,58,37,989,1
1,0.533333333,2,0,0,0,0,0,251,2,6,1
1,0,2,0,0,0,0,0,99,188,0,1
1,0.285714286,3,0,0,60,0,1,338,22,870,1
1,0,2,0,0,0,0,0,38,227,101,1
1,0.125,1,0,0,17,0,0,48833,1585,5561,1
1,0,2,0,0,161,1,0,6204,1424,2207,1
1,0,2,0,0,160,0,0,140,42,271,1
1,0.307692308,2,0,0,121,0,0,6712,3463,4032,1
1,0,1,0,0,25,0,1,41,55,911,1
1,0,1,0,0,0,0,1,10,21,3420,1
1,0.125,1,0.125,1,44,0,0,394,94,375,1
1,0,2,0,0,0,0,0,0,2,175,1
1,0,2,0,0,160,0,0,7071,1999,730,1
1,0,3,0,0,102,0,0,2581,467,160,1
1,0,1,0,0,33,0,0,10825,40908,839,1
1,0,1,0,0,0,0,0,2,6,103,1
1,0,1,0,1,4,0,0,19,183,935,1
1,0,1,0,0,147,1,0,5768,1536,1295,1
1,0,1,0,0,0,0,0,12,6,69,1
1,0.222222222,2,0,0,0,0,0,37337,85,72,1
1,0.533333333,1,0,0,0,0,0,41,3,181,1
1,0,2,0,0,160,0,0,33731,1850,1,1
1,0,3,0,0,99,0,0,74,206,71,1
1,0,2,0,0,36,0,0,3974,162,2155,1
1,0.666666667,1,0,0,0,0,0,33477,230,79,1
1,0,2,0,0,42,0,0,2131,275,369,1
1,0.444444444,2,0,0,18,0,0,42,7,108,1
1,0,1,0,1,115,0,0,1188,3060,750,1
1,0,2,0,0,150,0,0,14251,13938,14829,1
1,0,2,0,0,154,0,0,6721,1088,4391,1
1,0.4,2,0,0,0,0,0,1,55,1095,1
1,0,2,0,0,96,1,0,25,470,461,1
1,0,2,0,0,1,0,1,463,19,21,1
1,0.272727273,2,0,0,0,0,0,0,2,0,1
1,0,2,0,0,0,0,0,141,73,47,1
1,0,2,0,0,38,0,0,91,211,80,1
1,0.166666667,2,0,0,51,0,0,483,38,436,1
1,0,2,0,0,0,0,0,5,4,27,1
1,0.307692308,3,0,0,0,0,0,3811,199,1136,1
1,0,1,0,0,142,0,0,4340,1251,819,1
1,0,3,0,0,0,0,0,12,163,1638,1
1,0,1,0,0,158,0,0,1048,1372,120,1
1,0,1,0,0,151,0,0,8207,1300,2950,1
1,0.666666667,1,0,0,0,0,0,36,2,18,1
1,0,1,0,0,0,0,0,78,66,267,1
1,0,2,0,0,0,0,0,183,3,6,1
1,0,1,0,0,77,0,0,331,91,347,1
1,0.533333333,3,0,0,0,0,0,36,5,129,1
1,0,2,0,0,0,0,0,0,4,8,1
1,0.125,1,0,0,123,0,0,55,33,78,1
1,0.533333333,2,0,0,0,0,0,1,4,149,1
1,0,3,0,0,154,0,0,5565,22943,838,1
1,0,2,0,0,0,0,0,0,4,0,1
1,0,2,0,0,68,0,0,643,60,5,1
1,0,2,0,0,167,0,0,4640,2950,910,1
1,0,2,0,0,80,0,0,14247,4021,2102,1
1,0,3,0.176470588,0,11,0,0,828,30,330,1
1,0,2,0,0,80,0,0,905,577,505,1
1,0,2,0,0,37,0,0,20,40,31,1
1,0,1,0,1,144,1,0,120,217,878,1
1,0,3,0,0,129,1,0,186,73,218,1
1,0.615384615,1,0,0,0,0,0,1,0,6,1
1,0.533333333,2,0,0,0,0,0,2086,139,260,1
1,0,4,0,0,147,0,0,14626,3025,3260,1
1,0,2,0,0,153,0,0,103,340,128,1
1,0.222222222,1,0,0,8,0,0,70,207,3214,1
1,0.533333333,1,0,0,24,0,0,188,4,26,1
1,0,1,0,0,137,0,0,1116,90,237,1
1,0.071428571,1,0,0,72,0,0,3268,1181,1368,1
1,0,3,0,0,146,0,0,8804,305714,538,1
1,0,1,0,0,156,1,0,2650,7942,112,1
1,0,2,0,0,0,0,0,3101,36,16,1
1,0,1,0,0,40,0,0,3065,22,116,1
1,0.266666667,2,0,0,49,0,0,273,8,44,1
1,0,2,0,0,155,0,0,3627,593,601,1
1,0,1,0,0,0,0,0,2381,2157,375,1
1,0.3,2,0,0,142,0,0,16,37,440,1
1,0,2,0,0,147,0,1,50853,836,4640,1
1,0,2,0,0,142,0,1,1531,995,1938,1
1,0.25,2,0,0,71,0,0,20864,2024,619,1
1,0,2,0,0,49,1,0,710,6571,0,1
1,0,1,0,0,0,0,0,2240,194,663,1
1,0.666666667,2,0,0,0,0,0,3,17,249,1
1,0,2,0,0,81,0,0,59,66,127,1
1,0.727272727,1,0,0,50,0,0,1,92,5914,1
1,0,2,0,0,127,0,0,147,45,198,1
1,0,2,0,0,0,0,0,0,0,52,1
1,0,7,0,0,153,0,0,2602,211,353,1
1,0,2,0,0,19,0,0,6,18,203,1
1,0.615384615,2,0,0,39,0,0,26,7,64,1
1,0,2,0,0,0,0,1,0,1,664,1
1,0.727272727,1,0,0,0,0,0,0,0,127,1
1,0,2,0,0,128,0,0,367,23,171,1
1,0,3,0,0,68,0,0,3,36,751,1
1,0,1,0,0,82,0,0,9664,329389,663,1
1,0,1,0,0,67,0,0,155,74,421,1
1,0,2,0,0,0,0,1,0,123,18,1
1,0,3,0,0,139,0,0,356,1464,144,1
1,0.133333333,1,0,0,0,0,0,17031,175,939,1
1,0,1,0,0,0,0,0,1820,439,627,1
1,0.533333333,1,0.111111111,0,0,0,0,153,56,550,1
1,0.222222222,2,0,0,0,0,1,5,9,47,1
1,0,1,0,0,30,0,0,199,93,135,1
1,0.181818182,1,0,0,0,0,0,0,4,479,1
1,0,1,0,0,128,0,0,209,68,62,1
1,0,2,0,0,0,0,0,2326,2206,64,1
1,0,1,0,1,51,1,0,1,64,239,1
1,0,1,0,0,88,0,0,1746,294,4131,1
1,0,2,0,0,13,0,0,17,0,62,1
1,0,1,0,1,15,0,0,31,10,129,1
1,0,2,0,0,0,0,0,0,1,6,1
1,0,1,0,0,0,0,0,642,44,417,1
1,0.066666667,2,0,0,51,0,0,7082,454,4995,1
1,0.181818182,2,0,0,18,0,0,5,24,511,1
1,0.1,3,0,0,135,0,0,23182,441,32,1
1,0,2,0,0,0,0,0,0,7,57,1
1,0,2,0,0,16,0,0,14009,863,2136,1
1,0.222222222,1,0,0,0,0,0,731,0,5,1
1,0,2,0,0,20,0,0,369,152,146,1
1,0.4,1,0.4,1,12,0,0,1221,67,57,1
1,0,3,0.157894737,0,106,1,0,14168,255,274,1
1,0,2,0,0,118,0,0,18963,148,212,1
1,0,3,0,0,139,0,0,9174,2055,1578,1
1,0,2,0,0,16,0,0,1524,490,733,1
1,0,2,0,0,148,0,0,24,41,259,1
1,0,1,0,0,91,0,0,888,148,167,1
1,0,1,0,0,76,0,0,14305,1435,6950,1
1,0,2,0,0,78,0,0,832,274,491,1
1,0,2,0,0,27,0,0,159,33,107,1
1,0,2,0,0,91,0,0,13,2,12,1
1,0,2,0,0,0,0,0,3234,43,8,1
1,0,1,0,0,55,0,0,30726,2036,4906,1
1,0,2,0,0,163,0,0,1402,1801,1408,1
1,0,2,0,0,0,0,0,1,9,23,1
1,0,1,0,0,127,0,0,184,265,2301,1
1,0,4,0,0,75,0,0,9898,37099,8759,1
1,0,2,0,0,121,1,0,8750,81,30,1
1,0,6,0.357142857,0,160,0,0,19240,42221,38396,1
1,0,2,0,0,121,0,0,514,162,190,1
1,0,2,0,0,146,0,0,91,268,952,1
1,0.428571429,1,0,0,0,0,0,0,0,442,1
1,0,1,0,0,14,0,0,10447,736,1250,1
1,0,3,0,0,41,0,0,6016,2053,1316,1
1,0,2,0,0,0,0,0,0,29,69,1
1,0,1,0,0,49,0,0,69618,792,800,1
1,0.153846154,1,0,0,0,0,0,3,6,645,1
1,0.181818182,2,0,0,0,0,0,2944,25,21,1
1,0,2,0,0,158,0,0,1051,159,80,1
1,0,2,0,0,158,0,0,488,346,358,1
1,0.625,2,0,0,0,0,1,9,16,93,1
1,0,3,0,0,64,0,0,687,33,26,1
1,0,1,0,0,49,0,0,1235,65,619,1
1,0,2,0,0,50,0,0,6,95,3524,1
1,0.384615385,2,0,0,159,1,0,29567,902,2361,1
1,0,2,0,0,0,0,0,1058,170,309,1
1,0,1,0,1,92,0,0,608,160,348,1
1,0,2,0,0,100,0,0,2324,86,27,1
1,0.214285714,2,0,0,0,0,1,0,0,562,1
1,0,3,0,0,61,0,0,2310,983,532,1
1,0.133333333,2,0,0,0,0,1,0,0,4,1
1,0,1,0,0,0,0,0,19,36,580,1
1,0,2,0,0,0,0,0,0,0,20,1
1,0,1,0,1,42,0,0,1,3,0,1
1,0,2,0,0,0,0,0,43,123,203,1
1,0,1,0,0,17,0,0,190,35,625,1
1,0.615384615,1,0,0,0,0,0,96,107,199,1
1,0,1,0,0,0,0,0,2061,43,442,1
1,0,2,0,0,80,1,0,2371,7,18,1
1,0,3,0,0,137,0,0,205,328,513,1
1,0,2,0,0,0,0,0,16,15,180,1
1,0.272727273,5,0,0,43,0,0,2381,13,311,1
1,0,2,0,0,122,0,0,1971,3271,2115,1
1,0,1,0,1,104,0,0,556,471,398,1
1,0,3,0,0,159,0,1,232,999,4926,1
1,0,2,0,0,18,0,0,408,824,729,1
1,0.533333333,2,0,0,0,0,0,0,0,0,1
1,0,2,0,0,127,0,1,28311,5104,307,1
1,0.2,1,0.2,1,0,0,0,4116,58,479,1
1,0.25,2,0,0,129,0,1,523,149,289,1
1,0,2,0,0,0,0,0,0,1,25,1
1,0,1,0,1,159,0,0,4426,633,113,1
1,0.533333333,2,0,0,154,0,0,10,24,108,1
1,0,2,0,0,149,1,0,17911,2396,3955,1
1,0.153846154,1,0,0,12,0,0,5787,76,1352,1
1,0.266666667,2,0,0,98,0,0,694,172,326,1
1,0,3,0,0,12,0,0,432,1,0,1
1,0.125,2,0,0,0,0,0,338,137,582,1
1,0,4,0,0,80,0,0,2224,703,191,1
1,0.222222222,2,0,0,11,0,1,358,7,2055,1
1,0,2,0,0,148,0,0,47614,690239,12,1
1,0,2,0,0,0,0,0,269,164,160,1
1,0,2,0,0,45,0,0,405,149,428,1
1,0.615384615,1,0,0,7,0,0,255,12,228,1
1,0,2,0,0,157,0,0,102,1396,38,1
1,0,1,0,1,72,0,0,6039,3117,612,1
1,0,3,0,0,24,0,0,50,33,65,1
1,0,1,0,0,0,0,0,8459,228,1214,1
1,0,2,0,0,0,0,1,192,3,578,1
1,0.615384615,1,0,0,25,0,0,0,0,16,1
1,0,2,0,0,29,0,0,153,236,798,1
1,0.066666667,2,0,0,0,0,0,3,38,629,1
1,0.266666667,1,0,0,0,0,0,19980,209,226,1
1,0.133333333,3,0,0,84,0,1,17,557,483,1
1,0,5,0,0,160,0,0,1584,50,56,1
1,0,1,0,0,160,0,0,14,15,0,1
1,0,1,0,0,104,0,0,30,195,1144,1
1,0,1,0,0,0,0,0,37,64,9,1
1,0.363636364,2,0,0,123,0,0,542,14935,17763,1
1,0,4,0,0,0,0,0,26908,211,541,1
1,0.533333333,1,0,0,0,0,0,5,0,6,1
1,0,1,0,0,8,0,0,67,32,505,1
1,0,1,0,1,44,0,0,7177,5592,404,1
1,0.461538462,1,0,0,0,0,0,20257,293,338,1
1,0,1,0,0,115,0,0,94,332,642,1
1,0,1,0,0,160,0,0,3454,4,0,1
1,0.142857143,1,0,0,107,0,0,2101,325,903,1
1,0,2,0,0,17,0,0,920,168,613,1
1,0,2,0,0,72,1,0,4290,339,1,1
1,0.2,2,0,0,0,0,0,9,1,27,1
1,0.466666667,1,0,0,0,0,0,16,8,100,1
1,0.222222222,1,0,0,0,0,0,164,10,0,1
1,0,2,0,0,72,0,0,552,624,236,1
1,0,1,0,0,157,0,0,482,211,271,1
1,0,1,0,0,100,0,0,6885,1338,2513,1
1,0.533333333,1,0,0,0,0,0,39,0,226,1
1,0,2,0,0,0,0,0,151,269,382,1
1,0,1,0,0,98,0,0,1590,22,44,1
1,0,1,0,0,0,0,0,1,141,216,1
1,0.533333333,3,0,0,4,0,0,864,15,24,1
1,0.066666667,1,0,0,0,0,0,747,75,146,1
1,0,2,0,0,0,0,0,267,34,755,1
1,0.533333333,1,0.272727273,0,127,0,1,2190,93,223,1
1,0,3,0,0,0,0,0,0,0,8,1
1,0,5,0,0,116,0,0,1719,2875,4315,1
1,0.166666667,2,0,0,0,0,0,0,153,634,1
1,0,2,0,0,0,0,0,1,10,33,1
1,0,3,0,0,0,0,0,219,909,4928,1
1,0,1,0,1,161,0,0,491,769,489,1
1,0,2,0,0,156,0,0,13160,2049,1932,1
1,0,1,0,0,0,0,1,61035,148,5431,1
1,0.111111111,1,0.5,0,0,0,0,3898,123,560,1
1,0,2,0,0,145,0,0,1223,1869311,0,1
1,0,2,0,0,106,0,0,167,124,239,1
1,0,3,0,0,150,0,0,365,1417,360,1
1,0,9,0,0,169,1,1,6007,6058,1804,1
1,0,1,0,0,0,0,0,0,5,33,1
1,0,2,0,0,0,0,0,4006,197,273,1
1,0,2,0,0,12,0,0,31,35,208,1
1,0,3,0,0,50,0,0,414,462,142,1
1,0,2,0,0,87,1,0,14084,61,25,1
1,0.285714286,2,0,0,0,0,0,3,11,199,1
1,0,4,0.2,0,32,0,0,534,212,2824,1
1,0,3,0,0,151,1,0,7807,5447,1263,1
1,0,2,0,0,0,0,0,397,129,188,1
1,0.533333333,2,0,0,0,0,0,1,9,128,1
1,0,2,0,0,65,0,0,899,795,825,1
1,0,1,0,0,0,0,1,3,0,0,1
1,0,1,0,0,96,0,0,24,273,32,1
1,0,1,0,0,11,0,0,58,10,14,1
1,0.333333333,1,0,0,0,0,0,767,12,587,1
1,0,2,0,0,0,0,0,2070,25,29,1
1,0,2,0,0,13,0,0,60,133,283,1
1,0,1,0,0,0,0,1,0,8,81,1
1,0,3,0,0,46,0,0,16171,506,4106,1
1,0.142857143,2,0,0,0,0,1,724,8,384,1
1,0.285714286,2,0,0,56,0,0,22,28,163,1
1,0,1,0,0,0,0,1,91,177,690,1
1,0,2,0,0,32,0,0,536,296,103,1
1,0,3,0,0,0,0,0,0,1,5,1
1,0,2,0,0,10,0,0,27768,638,5621,1
1,0,2,0,0,0,0,0,322,125,4880,1
1,0,2,0,0,135,0,0,571,1920,64,1
1,0.363636364,1,0.363636364,1,0,0,0,5600,377,838,1
1,0,2,0,0,158,0,0,54,121,407,1
1,0,1,0,0,98,0,1,4322,25,50,1
1,0,1,0.375,0,0,0,0,0,0,12,1
1,0,2,0,0,150,0,0,390,178,319,1
1,0.4,4,0,0,0,0,0,126,9,152,1
1,0,3,0,0,34,0,0,26592,11389,63,1
1,0,1,0,0,155,1,0,951,812,76,1
1,0,3,0,0,0,0,1,0,0,0,1
1,0,1,0,0,30,0,0,0,2,239,1
1,0.181818182,1,0,0,11,0,0,7,199,544,1
1,0,1,0,0,152,1,0,426,971,234,1
1,0,2,0,0,19,0,0,436,37,1111,1
1,0,2,0,0,87,0,0,44,123,248,1
1,0.133333333,1,0,0,0,0,0,0,0,2,1
1,0.153846154,2,0,0,100,0,0,39,97,2956,1
1,0,2,0,0,116,0,0,108,925,80,1
1,0.3,1,0,0,0,0,0,0,6,33,1
1,0,1,0,0,0,0,0,0,1,70,1
1,0,3,0,0,0,0,0,1246,803,0,1
1,0,2,0,0,0,0,0,58,73,390,1
1,0.2,1,0.4,0,0,0,0,34,32,365,1
1,0.1,2,0.1,0,12,0,0,470,10,52,1
1,0,1,0,0,0,0,0,1130,21,1530,1
1,0,1,0,1,0,0,0,218,164,83,1
1,0,1,0,0,0,0,0,124,195,829,1
1,0.461538462,2,0,0,107,0,0,4693,184,159,1
1,0,2,0,0,151,0,1,1726,159,819,1
1,0,2,0,0,0,0,0,4,34,0,1
1,0,2,0,0,141,0,0,4633,1703,1635,1
1,0,2,0,0,45,0,0,1331,1111,243,1
1,0,1,0,1,35,0,0,8958,531,1223,1
1,0,1,0,0,148,0,0,124,175,285,1
1,0,2,0,0,106,0,0,2561,1466,4541,1
1,0,2,0,0,0,0,1,1162,3,2052,1
1,0,2,0,0,116,0,0,3210,229,506,1
1,0,1,0,0,75,0,1,2,37,932,1
1,0,2,0,0,126,0,0,52,301,4598,1
1,0.066666667,1,0,0,15,0,0,23,1,117,1
1,0,3,0,0,0,0,0,0,44,213,1
1,0.090909091,2,0,0,127,0,0,289,300,688,1
1,0,1,0,0,0,0,0,0,107,338,1
1,0,2,0,0,107,1,0,3387,1777,333,1
1,0,2,0,0,0,0,0,0,4,51,1
1,0.533333333,2,0,0,0,0,0,4861,143,179,1
1,0,3,0,0,129,0,0,839,2687,155,1
1,0,1,0,0,36,0,1,2233,1371,3303,1
1,0,2,0,0,140,0,0,480,341,639,1
1,0,1,0,1,0,0,0,0,6,9,1
1,0.214285714,1,0.428571429,0,88,0,0,2477,165,458,1
1,0,4,0,0,53,0,0,2069,14,10,1
1,0,1,0,0,14,0,0,708,82,1054,1
1,0,2,0,0,0,0,0,12456,99,213,1
1,0.2,1,0,0,14,0,0,54744,920,1006,1
1,0.153846154,1,0,0,0,0,1,0,5,275,1
1,0.285714286,1,0,0,0,0,0,2,37,135,1
1,0,2,0,0,100,0,0,987,186,177,1
1,0,2,0,0,0,0,1,15,95,1134,1
1,0.230769231,2,0,0,0,0,0,15,26,122,1
1,0,1,0,0,37,0,0,5473,106,480,1
1,0,2,0,0,21,0,0,4165,367,5037,1
1,0,2,0,0,0,0,0,1414,44,160,1
1,0.090909091,2,0,0,143,0,0,90500,11134,14458,1
1,0,1,0,0,10,0,1,7105,610,337,1
1,0,1,0,0,75,0,0,23410,2537,206,1
1,0,2,0,0,0,0,0,0,1,81,1
1,0,1,0,0,19,0,0,843,85,103,1
1,0.25,4,0,0,83,1,0,19324,585,3399,1
1,0,1,0,1,143,0,0,290,512,1266,1
1,0,1,0,0,96,0,0,101,176,26,1
1,0.5,2,0.444444444,0,160,0,0,17,21,72,1
1,0,1,0,0,36,0,0,186,202,810,1
1,0,3,0,0,166,1,0,9425,55,0,1
1,0.533333333,1,0,0,0,0,0,0,1,0,1
1,0,1,0,0,154,0,0,8,68,46,1
1,0,2,0,0,166,0,0,24,561,170,1
1,0.071428571,1,0,0,0,0,1,1282,5,0,1
1,0,1,0,0,54,0,0,2977,43,218,1
1,0,2,0,0,67,0,0,2490,216,412,1
1,0.1,2,0,0,10,0,0,3,1,91,1
1,0.166666667,1,0.1,0,0,0,0,32,263,522,1
1,0,2,0,0,0,0,0,74,367,1231,1
1,0,2,0,0,117,0,0,113,114,264,1
1,0,1,0,0,64,0,0,1780,221,468,1
1,0,3,0,0,89,0,0,607,1683,307,1
1,0.083333333,2,0,0,0,0,0,19,44,353,1
1,0,2,0,0,108,0,0,1740,3507,1714,1
1,0,2,0,0,37,0,0,147,124,179,1
1,0.363636364,2,0,0,0,0,0,1,0,3,1
1,0,2,0,0,0,0,1,938,24,323,1
1,0,3,0,0,88,0,0,1908,192,1064,1
1,0,1,0,0,0,0,1,1381,0,95,1
1,0.125,2,0,0,0,0,0,483,45,1796,1
1,0,1,0,1,141,0,0,2084,546,2484,1
1,0.533333333,1,0,0,0,0,0,21,4,70,1
1,0,1,0,0,0,0,0,2735,82,508,1
1,0,3,0,0,25,0,0,296,1,58,1
1,0.363636364,4,0,0,59,0,0,1036,254,674,1
1,0.1,1,0,0,102,0,0,74020,3240,2792,1
1,0.2,1,0,0,33,0,0,47395,5926,6771,1
1,0.333333333,1,0,0,57,0,0,675,35,572,1
1,0,2,0,0,0,0,1,0,20,118,1
1,0.153846154,2,0,0,0,0,0,1293,3,7,1
1,0.444444444,1,0,0,73,0,0,3282,257,289,1
1,0,6,0,0,133,0,0,364,483,97,1
1,0,3,0,0,0,0,0,53,126,67,1
1,0,3,0,0,147,1,0,4666,4226,2294,1
1,0,1,0,0,100,0,0,340,236,144,1
1,0.5,2,0,0,121,0,1,36519,442,238,1
1,0,1,0,0,160,0,0,94,145,637,1
1,0,3,0,0,17,0,0,4238,98,1321,1
1,0.2,1,0.25,0,6,0,0,0,0,3,1
1,0,2,0,0,60,0,0,114,304,193,1
1,0.333333333,2,0,0,118,0,0,30,247,88,1
1,0,3,0,0,160,0,0,2896,5567,389,1
1,0.6,2,0,0,160,0,0,14,320,1794,1
1,0.3,2,0.3,0,16,0,0,21023,203,1092,1
1,0.090909091,2,0,0,146,0,0,37,63,240,1
1,0.444444444,1,0,0,0,0,0,41926,384,227,1
1,0,2,0,0,31,0,0,3303,927,756,1
1,0,2,0,0,89,0,0,1643,196,244,1
1,0.285714286,2,0,0,57,0,0,1,7,451,1
1,0,2,0,0,53,0,0,55,127,377,1
1,0.4,2,0,0,116,1,0,16270,37826,37886,1
1,0,2,0,0,0,0,0,133,21,173,1
1,0,2,0,0,0,0,0,151,14,57,1
1,0.333333333,1,0,0,13,0,1,108,27,167,1
1,0.4,1,0,0,0,0,0,4001,107,182,1
1,0,1,0,1,111,1,0,464,34,40,1
1,0,2,0,0,24,0,0,27967,3029,3221,1
1,0,4,0,0,160,0,0,119,88,26,1
1,0,2,0,0,145,0,0,88,307,886,1
1,0,1,0,0,152,1,0,13616,1074,970,1
1,0,2,0,0,19,0,1,2285,360,979,1
1,0,1,0,0,0,0,1,35,14,398,1
1,0.111111111,1,0,0,0,0,0,0,2,239,1
1,0,2,0,0,0,0,0,3,9,266,1
1,0,1,0,0,153,0,0,4799,11256,3,1
1,0.071428571,2,0,0,155,0,0,509,3003,4367,1
1,0.166666667,1,0,0,0,0,0,0,1,81,1
1,0,2,0,0,165,0,0,716,131,701,1
1,0,2,0,0,160,0,0,29803,3128,4418,1
1,0.090909091,2,0,0,0,0,0,173,5,198,1
1,0.533333333,2,0,0,0,0,1,1,151,4153,1
1,0,2,0,0,117,0,0,87,174,400,1
1,0,1,0,0,19,0,0,3,24,930,1
1,0,2,0,0,0,0,0,98,529,3974,1
1,0,2,0,0,31,0,0,0,0,16,1
1,0.166666667,2,0,0,0,0,0,15514,898,957,1
1,0,2,0,0,75,0,0,19090,6079,3580,1
1,0.666666667,2,0,0,0,0,0,100,39,365,1
1,0,1,0,0,3,0,0,436,200,368,1
1,0.181818182,2,0,0,113,0,0,116,31,348,1
1,0,1,0,0,20,0,0,0,0,8,1
1,0,1,0,0,160,0,0,15588,2604,2967,1
1,0,1,0,0,18,0,0,49381,1197,530,1
1,0,2,0,0,0,0,0,96,41,293,1
1,0,2,0,0,160,0,0,2325,930,2378,1
1,0,1,0,0,0,0,0,162,6,148,1
1,0,2,0,0,0,0,0,12656,162,44,1
1,0.666666667,1,0,0,0,0,0,0,8,260,1
1,0,1,0,0,0,0,0,63,22,23,1
1,0.133333333,2,0,0,17,0,0,64,94,164,1
1,0,1,0,0,0,0,0,255,206,1063,1
1,0.066666667,2,0,0,0,0,0,974,34,125,1
1,0,2,0,0,52,0,0,377,3631,5348,1
1,0.2,2,0,0,0,0,1,3,44,245,1
1,0.153846154,2,0,0,0,0,0,15,8,26,1
1,0,4,0,0,0,0,0,27,64,44,1
1,0,1,0,1,0,0,0,0,1,44,1
1,0,3,0,0,64,0,0,395,540,112,1
1,0.533333333,2,0,0,0,0,0,0,0,27,1
1,0,5,0,0,59,0,0,57589,31097,23907,1
1,0,3,0,0,18,0,0,267,100,1143,1
1,0,1,0,1,155,0,0,313,8,169,1
1,0.333333333,1,0,0,20,0,0,2,40,379,1
1,0,3,0,0,160,0,0,18686,2697,2662,1
1,0,2,0,0,100,0,0,9893,804,1137,1
1,0,4,0,0,28,0,0,764,249,161,1
1,0,1,0,0,0,0,1,354,0,931,1
1,0.083333333,2,0,0,0,0,0,1429,101,15,1
1,0,3,0,0,0,0,1,15,0,66,1
1,0,4,0,0,139,0,0,62,52,102,1
1,0.2,2,0,0,0,0,0,2,3,68,1
1,0,2,0,0,14,0,1,581,46,152,1
1,0,1,0,1,0,0,0,0,0,189,1
1,0,1,0,0,132,1,0,675,302,907,1
1,0,2,0,0,150,0,0,306,161,0,1
1,0,1,0,1,128,0,0,9836,159,228,1
1,0.133333333,2,0,0,0,0,0,0,17,52,1
1,0.1,2,0,0,65,0,0,343,371,486,1
1,0.6,1,0,0,0,0,1,2,7,528,1
1,0,2,0,0,0,0,0,1,5,8,1
1,0,2,0,0,139,0,0,273,143,0,1
1,0.3,2,0,0,0,0,0,1705,14,78,1
1,0.666666667,1,0,0,0,0,0,2,13,230,1
1,0,3,0,0,90,0,0,2908,4423,585,1
1,0.454545455,1,0,0,0,0,1,0,2,239,1
1,0.066666667,2,0,0,0,0,0,11,7,25,1
1,0.25,1,0.210526316,0,143,0,0,203,194,75,1
1,0.307692308,2,0,0,70,0,0,45225,226,82,1
1,0,2,0,0,118,0,0,3764,7981,1155,1
1,0,2,0,0,0,0,0,29,41,12,1
1,0,1,0,1,112,1,0,3564,968,142,1
1,0,2,0,0,81,0,0,1,51,67,1
1,0,1,0,0,5,0,1,160,0,349,1
1,0,2,0,0,15,0,0,88,199,148,1
1,0,2,0,0,0,0,0,72,34,78,1
1,0,3,0,0,0,0,0,247,65,60,1
1,0,2,0,0,10,0,0,167,205,0,1
1,0,3,0,0,159,0,0,122,180,347,1
1,0,1,0,1,0,0,1,0,2,921,1
1,0,2,0,0,33,0,0,72268,353,810,1
1,0.25,1,0,0,0,0,0,1,47,181,1
1,0,3,0,0,0,0,0,38,52,253,1
1,0.533333333,1,0,0,0,0,0,76,2,14,1
1,0,2,0,0,68,0,0,4948,924,885,1
1,0,1,0,1,15,0,0,26375,179847,1120,1
1,0.066666667,1,0,0,2,0,0,0,113,1199,1
1,0,2,0,0,41,0,0,259,1327,431,1
1,0,1,0,0,0,0,0,1,68,268,1
1,0,3,0,0,109,0,0,1456,869,167,1
1,0.571428571,2,0,0,9,0,0,10632,81,736,1
1,0,2,0,0,51,0,1,3107,93,3889,1
1,0,3,0,0,136,0,0,22540,4630,275,1
1,0,2,0,0,57,0,0,56079,1039,5715,1
1,0.2,1,0,0,0,0,0,2143,151,387,1
1,0,1,0,0,157,0,0,6,7,162,1
1,0.083333333,1,0,0,130,0,0,590,1678,2924,1
1,0,2,0,0,142,1,0,1026,184,105,1
1,0.181818182,1,0,0,15,0,0,10,1,95,1
1,0,3,0,0,0,0,0,30,6,546,1
1,0,4,0,0,0,0,1,12040,234,807,1
1,0.533333333,1,0,0,0,0,0,19,11,227,1
1,0,2,0,0,9,0,0,201,796,0,1
1,0.533333333,2,0,0,0,0,1,2,169,915,1
1,0,1,0,0,0,0,1,472,19,54,1
1,0.533333333,2,0,0,128,0,0,53,152,1805,1
1,0,1,0,0,115,0,0,35,338,71,1
1,0,1,0,0,73,0,0,407,151,132,1
1,0,2,0,0,61,0,0,111,1734,4,1
1,0,2,0,0,93,0,0,6268,2619,1938,1
1,0.363636364,3,0,0,14,0,1,17,9,36,1
1,0,4,0,0,50,0,0,39709,154752,2,1
1,0,2,0,0,0,0,0,0,39,3,1
1,0,2,0,0,0,0,0,46,14,28,1
1,0,3,0,0,146,0,0,3179,2148,578,1
1,0.25,1,0,0,0,0,0,13,3,3,1
1,0.076923077,2,0,0,0,0,0,56,1501,2867,1
1,0,1,0,0,4,0,0,5367,276,432,1
1,0,2,0,0,74,0,0,329,263,236,1
1,0,3,0,0,125,0,0,499,396,541,1
1,0,3,0,0,74,0,1,16394,70,660,1
1,0.533333333,2,0,0,17,0,0,73396,1249,4877,1
1,0,2,0,0,156,1,0,201839,55972,53130,1
1,0,1,0,0,107,0,1,46,52,886,1
1,0.111111111,3,0,0,0,0,0,3455,362,184,1
1,0,2,0,0,135,0,0,32098,1567,1437,1
1,0,2,0,0,0,0,0,2,11,18,1
1,0,2,0,0,7,0,1,58,8,852,1
1,0,1,0,0,68,0,0,90,52,137,1
1,0.375,2,0,0,0,0,0,59,9,156,1
1,0,2,0,0,165,1,0,4773,2657,957,1
1,0.428571429,1,0,0,0,0,0,1087,29,202,1
1,0,2,0,0,0,0,0,57,1,96,1
1,0.533333333,2,0,0,120,0,0,33438,28252,27752,1
1,0.666666667,1,0,0,0,0,0,18,1,44,1
1,0.4,1,0,0,0,0,0,23,4,58,1
1,0.125,3,0,0,0,0,1,40,0,65,1
1,0,2,0,0,142,0,1,18,20,411,1
1,0,2,0,0,0,0,0,10,20,61,1
1,0,1,0,0,146,0,0,260,85,91,1
1,0.533333333,2,0,0,8,0,0,5,0,4,1
1,0.133333333,2,0,0,31,0,0,151,69,227,1
1,0.533333333,2,0,0,17,0,0,6,123,568,1
1,0,2,0,0,0,0,0,2253,49,348,1
1,0,2,0,0,0,0,0,12,11,0,1
1,0,1,0,0,47,0,0,150,17,75,1
1,0,1,0,0,116,1,0,3996,242,38,1
1,0.266666667,2,0,0,0,0,0,0,0,12,1
1,0,1,0,0,62,0,0,3607,1502,1288,1
1,0,2,0,0,154,1,0,344,898,3185,1
1,0,2,0,0,152,0,0,103,38,50,1
1,0,2,0,0,0,0,0,6,35,230,1
1,0,3,0,0,101,0,0,4687,352,184,1
1,0,1,0,0,0,0,0,5171,46,868,1
1,0,1,0,0,114,0,0,12399,443,617,1
1,0,1,0,0,0,0,0,19,11,90,1
1,0.133333333,1,0,0,17,0,0,4348,146,756,1
1,0,2,0,0,0,0,0,0,2,0,1
1,0,2,0,0,0,0,0,1542,486,3052,1
1,0.571428571,1,0,0,102,0,1,17,18,282,1
1,0,2,0,0,133,0,0,10966,8861,2215,1
1,0,3,0,0,0,0,0,4,28,2329,1
1,0,2,0,0,0,0,0,0,6,86,1
1,0,2,0,0,0,0,0,5,39,49,1
1,0,1,0,1,12,0,0,1557,634,0,1
1,0.533333333,2,0,0,0,0,1,33,12,2819,1
1,0,2,0,0,137,1,0,3482,6854,7320,1
1,0,2,0,0,0,0,0,23,37,72,1
1,0,3,0,0,160,0,0,2754,721,733,1
1,0,2,0,0,0,0,1,1718,1,143,1
1,0.2,4,0.033333333,0,142,0,0,113007,25194,23568,1
1,0,5,0,0,45,0,0,816,5208,0,1
1,0,2,0,0,0,0,0,4173,59,24,1
1,0,3,0,0,159,0,0,1978,1802,1835,1
1,0,2,0,0,34,0,0,175,781,59,1
1,0.2,2,0,0,40,0,0,585,177,388,1
1,0,2,0,0,0,0,0,31,15,43,1
1,0,2,0,0,0,0,0,430,300,607,1
1,0.125,1,0,0,0,0,1,2,70,633,1
1,0.066666667,1,0,0,0,0,0,1,14,299,1
1,0,2,0,0,143,0,0,131,98,401,1
1,0.533333333,2,0,0,0,0,0,0,3,398,1
1,0,3,0,0,0,0,0,0,0,128,1
1,0,1,0,0,147,0,0,3861,83742,80733,1
1,0,2,0,0,80,0,0,7861,497,0,1
1,0.533333333,2,0,0,0,0,0,2,15,39,1
1,0,2,0,0,38,0,0,10,1,116,1
1,0.066666667,2,0,0,0,0,0,0,26,46,1
1,0.066666667,2,0,0,16,0,0,0,0,11,1
1,0.066666667,2,0,0,6,0,0,12,18,293,1
1,0,1,0,0,19,0,1,66,42,62,1
1,0,3,0,0,0,0,0,7,3,48,1
1,0,2,0,0,150,0,0,16132,26233,26497,1
1,0,1,0,0,0,0,0,47,20,1241,1
1,0.666666667,1,0,0,44,0,0,14265,1072,2025,1
1,0,1,0,0,141,0,0,1401,1657,1153,1
1,0,1,0,0,0,0,0,9,68,1042,1
1,0,2,0,0,107,0,0,70,137,24,1
1,0.090909091,2,0,0,0,0,0,2,1,131,1
1,0,1,0,0,0,0,1,18609,698,1278,1
1,0.181818182,2,0,0,0,0,1,78,6,366,1
1,0,2,0,0,0,0,0,8,14,385,1
1,0,1,0,0,56,0,0,864,8936,38,1
1,0.1,3,0,0,134,1,0,671,193,166,1
1,0,2,0,0,82,0,0,97,3175,4,1
1,0,2,0,0,0,0,0,4,1,895,1
1,0,2,0,0,144,0,0,15,44,798,1
1,0,2,0,0,80,0,0,79,220,325,1
1,0.533333333,2,0,0,147,0,0,23,62,177,1
1,0.125,1,0,0,12,0,0,10920,579,2037,1
1,0,2,0,0,59,0,0,1377,32539,237,1
1,0,2,0,0,94,0,0,433,73,97,1
1,0,1,0,0,93,0,0,653,226,5,1
1,0,2,0,0,159,0,0,211,148,224,1
1,0,3,0,0,146,0,0,42,494,481,1
1,0,1,0,0,161,0,0,184,944,72,1
1,0,7,0,0,118,0,0,21181,8826,3355,1
1,0,1,0,0,0,0,0,1,10,22,1
1,0.111111111,4,0,0,53,0,0,3134,369,743,1
1,0,2,0,0,0,0,1,0,0,118,1
1,0.285714286,4,0,0,0,0,0,120,13,115,1
1,0,2,0,0,0,0,0,19,66,278,1
1,0,1,0,0,76,0,0,1889,623,9,1
1,0,2,0,0,0,0,1,151,14,757,1
1,0,2,0,0,89,0,0,69,229,181,1
1,0,1,0,0,147,1,0,229,59,467,1
1,0,1,0,0,130,0,0,18508,153,101,1
1,0.307692308,1,0,0,27,0,0,703,0,0,1
1,0,2,0,0,0,0,0,36,289,1402,1
1,0,1,0,0,45,0,0,572,67,382,1
1,0.375,2,0,0,0,0,1,435,25,0,1
1,0,1,0,0,0,0,0,279,183,377,1
1,0.133333333,2,0,0,0,0,0,139,2,5,1
1,0,3,0,0,0,0,0,2326,995,176,1
1,0,1,0,0,11,0,0,10566,309,302,1
1,0,2,0,0,45,0,0,15940,2907,578,1
1,0,1,0,0,58,0,0,113,440,69,1
1,0.1,1,0,0,0,0,0,0,2,3,1
1,0.142857143,2,0,0,26,0,0,72,236,146,1
1,0,1,0,0,1,0,0,179,75,2777,1
1,0,2,0,0,0,0,0,298,3,35,1
1,0,2,0,0,11,0,0,85,109,117,1
1,0.444444444,2,0,0,0,0,0,581,102,1340,1
1,0.222222222,1,0,0,121,0,0,2949,163,1065,1
1,0,2,0,0,9,0,0,23341,873,848,1
1,0.066666667,2,0,0,0,0,0,0,2,23,1
1,0,1,0,0,0,0,0,202,44,620,1
1,0.142857143,1,0.142857143,0,160,0,1,492,240,4913,1
1,0,2,0,0,0,0,0,304,73,424,1
1,0,2,0,0,160,0,0,415,43,9,1
1,0,2,0,0,0,0,0,0,24,377,1
1,0.076923077,3,0,0,133,0,0,2132,140,140,1
1,0.3,2,0,0,0,0,0,4,5,108,1
1,0.533333333,3,0,0,45,0,0,65,311,628,1
1,0.4,1,0,0,98,0,1,9,3,386,1
1,0,3,0,0,95,0,0,698,84,709,1
1,0,1,0,0,0,0,0,2,5,12,1
1,0,2,0,0,146,1,0,2113,3657,4032,1
1,0,2,0,0,160,0,0,12414,125,1739,1
1,0,2,0,0,0,0,0,149,345,396,1
1,0,2,0,0,23,0,0,5255,6551,3767,1
1,0,2,0,0,43,0,0,7,12779,66,1
1,0.363636364,1,0.363636364,0,0,0,0,3594,18,189,1
1,0,4,0,0,159,0,0,224,85,266,1
1,0,2,0,0,57,0,0,79,245,114,1
1,0,1,0,0,151,1,0,217,958,1844,1
1,0,3,0,0,138,0,0,672,138,176,1
1,0,1,0,0,19,0,0,1,93,4917,1
1,0,2,0,0,82,0,0,143,80,260,1
1,0.357142857,2,0,0,0,0,0,3,8,278,1
1,0,3,0,0,41,0,0,4851,441,60,1
1,0.230769231,2,0,0,149,0,0,194,19,25,1
1,0,1,0,0,0,0,0,10,6,203,1
1,0,2,0,0,118,1,0,17,48,49,1
1,0,1,0,0,13,0,0,4635,629,1116,1
1,0,1,0,0,0,0,0,1335,56,706,1
1,0,1,0,0,12,0,0,3,5,95,1
1,0,2,0,0,69,0,0,1,4,14,1
1,0.692307692,1,0,0,38,0,0,0,0,4,1
1,0,2,0,0,123,0,0,677,768,1422,1
1,0,3,0,0,0,0,0,205,47,69,1
1,0.571428571,1,0,0,58,0,0,55,218,1142,1
1,0,1,0,0,0,0,0,0,3,86,1
1,0,4,0,0,157,0,0,58,355,350,1
1,0,2,0,0,0,0,0,0,0,19,1
1,0,2,0,0,145,0,0,1450,276,695,1
1,0,2,0,0,45,0,0,21797,249,1221,1
1,0.533333333,2,0,0,7,0,0,426,252,3888,1
1,0.1,1,0.1,1,149,0,0,194,1140,1678,1
1,0,3,0,0,144,0,0,32,88,123,1
1,0,2,0,0,0,0,0,438,5,89,1
1,0,2,0,0,51,0,0,33767,970,442,1
1,0.066666667,2,0,0,0,0,0,11,79,462,1
1,0.142857143,2,0,0,12,0,0,29,23,122,1
1,0,2,0,0,51,0,0,2284,359,254,1
1,0.142857143,2,0,0,0,0,0,1,8,363,1
1,0.533333333,2,0,0,0,0,0,502,39,350,1
1,0,2,0,0,11,0,0,87,533,1230,1
1,0.222222222,2,0,0,0,0,0,19115,46,118,1
1,0,2,0,0,128,0,0,783,241,45,1
1,0.125,1,0,0,15,0,0,1114,46,645,1
1,0,2,0,0,0,0,1,685,0,33,1
1,0,5,0,0,12,0,0,26,38,481,1
1,0,1,0,0,0,0,0,0,8,0,1
1,0,2,0,0,0,0,0,0,1,6,1
1,0,2,0,0,31,0,0,3580,3247,643,1
1,0.5,1,0.5,1,80,0,1,5,0,601,1
1,0,2,0,0,23,0,1,0,1,43,1
1,0,1,0,0,55,0,0,92086,13962,3980,1
1,0,1,0,0,0,0,0,1,1,16,1
1,0.533333333,2,0,0,9,0,0,36,6,95,1
1,0,1,0,0,0,0,0,41,21,29,1
1,0,3,0,0,0,0,0,1359,10,646,1
1,0.666666667,1,0,0,0,0,0,1,0,1,1
1,0,1,0,0,0,0,0,29,177,45,1
1,0.285714286,2,0,0,84,0,0,419,160,126,1
1,0,2,0,0,16,0,0,21,1,34,1
1,0.166666667,3,0,0,0,0,0,21,55,635,1
1,0,2,0,0,21,0,0,7931,1053,489,1
1,0,2,0,0,0,0,0,15,13,108,1
1,0,1,0,0,0,0,0,4716,1076,1168,1
1,0.615384615,1,0,0,0,0,0,1,1,51,1
1,0.125,1,0,0,0,0,0,28,51,1041,1
1,0,2,0,0,131,0,0,23229,53,7,1
1,0,2,0,0,0,0,0,7,6,59,1
1,0,2,0,0,54,0,0,1887,198,701,1
1,0,1,0,0,3,0,1,2,4,593,1
1,0.727272727,1,0.142857143,0,0,0,0,1573,104,1967,1
1,0,3,0,0,147,0,0,2097,3555,49,1
1,0,1,0,0,0,0,0,2,9,20,1
1,0,1,0,0,61,0,0,186,6,22,1
1,0,2,0,0,6,0,0,2608,106,47,1
1,0.214285714,1,0,0,0,0,0,1614,21,326,1
1,0,1,0,0,64,0,0,2408,63,263,1
1,0,2,0,0,98,0,0,1547,20,5,1
1,0.153846154,2,0,0,51,0,0,43,1,63,1
1,0.25,2,0,0,0,0,0,145,29,158,1
1,0,2,0,0,0,0,0,234,126,250,1
1,0,2,0,0,97,0,0,176,116,55,1
1,0.615384615,1,0,0,64,0,0,1154,156,1003,1
1,0.1,2,0,0,6,0,0,4,20,690,1
1,0,1,0,0,20,0,1,101,11,3990,1
1,0,1,0,0,23,0,0,63114,262,1468,1
1,0.142857143,2,0,0,158,1,0,14815,1944,377,1
1,0.285714286,2,0,0,28,0,0,1451,5423,2255,1
1,0,2,0,0,126,0,0,229,0,0,1
1,0,2,0,0,0,0,0,3937,13,18,1
1,0.2,1,0,0,0,0,0,3,36,351,1
1,0,1,0,1,112,0,0,457,277,995,1
1,0,1,0,0,0,0,0,7279,160,833,1
1,0,2,0,0,15,0,0,444,563,337,1
1,0,2,0,0,0,0,0,0,1,0,1
1,0,2,0,0,92,0,0,2751,144,176,1
1,0,2,0,0,89,0,0,82,277,67,1
1,0,1,0,0,0,0,0,0,95,822,1
1,0,2,0,0,0,0,0,34,2552,124,1
1,0,1,0,0,0,0,0,25315,157,243,1
1,0.8,3,0,0,0,0,1,327,6,10,1
1,0.222222222,1,0,0,0,0,0,2932,291,930,1
1,0,2,0,0,73,0,0,220,349,112,1
1,0,2,0,0,0,0,0,5,40,67,1
1,0,2,0,0,0,0,0,1649,502,2240,1
1,0.4,3,0,0,0,0,0,0,2,9,1
1,0,3,0,0,159,0,0,1112,1887,4418,1
1,0,2,0,0,0,0,0,1570,164,573,1
1,0,1,0,0,144,0,0,259,124,458,1
1,0,1,0,0,0,0,1,18692,988,1237,1
1,0.571428571,1,0,0,0,0,0,358,192,832,1
1,0.222222222,2,0,0,0,0,0,6,17,124,1
1,0,2,0,0,149,1,0,1366,1289,3,1
1,0,2,0,0,35,0,0,12,154,1510,1
1,0,2,0,0,48,0,0,37,32,96,1
1,0,2,0,0,95,0,0,233,746,420,1
1,0,1,0,0,151,0,0,38,59,116,1
1,0,2,0,0,0,0,0,10,4,118,1
1,0.666666667,1,0,0,0,0,1,517,65,512,1
1,0,1,0,0,0,0,0,1079,115,0,1
1,0.666666667,1,0,0,0,0,0,2,3,59,1
1,0.166666667,2,0,0,5,0,0,26,22,90,1
1,0,1,0,0,12,0,0,6551,4,39,1
1,0.166666667,2,0,0,0,0,0,67,100,678,1
1,0,3,0,0,34,0,0,2443,358,1877,1
1,0,2,0,0,0,0,1,0,1,11,1
1,0,3,0,0,0,0,0,377,964,465,1
1,0,2,0,0,146,0,0,1936,930,2404,1
1,0.307692308,1,0.307692308,0,126,0,0,183,17,56,1
1,0,1,0,0,0,0,0,23,257,226,1
1,0,2,0,0,61,0,0,1067,304,936,1
1,0.166666667,1,0.166666667,0,0,0,0,13178,29,171,1
1,0.571428571,2,0,0,10,0,0,111,4325,4238,1
1,0,2,0,0,0,0,0,16,99,108,1
1,0.571428571,1,0,0,6,0,0,6,0,14,1
1,0,2,0,0,0,0,0,0,50,335,1
1,0,2,0,0,136,0,0,132,344,264,1
1,0,2,0,0,134,0,0,14200,1676,4763,1
1,0.133333333,1,0,0,0,0,0,29,14,46,1
1,0,2,0,0,153,0,0,7269,3513,4,1
1,0,2,0,0,147,0,0,5149,99962,2,1
1,0,3,0,0,159,0,0,29341,5133,0,1
1,0,2,0,0,7,0,0,27,34,88,1
1,0.142857143,2,0,0,14,0,0,27730,2230,2228,1
1,0,2,0,0,37,1,0,1655,1043,204,1
1,0.333333333,1,0,0,0,0,0,0,40,80,1
1,0,2,0,0,112,0,0,3978,1378,2921,1
1,0.153846154,2,0,0,150,0,0,13,38,235,1
1,0,2,0,0,124,0,0,648,212,662,1
1,0,10,0,0,89,0,0,5165,211403,170,1
1,0.571428571,1,0,0,0,0,0,0,2,34,1
1,0,1,0,1,18,0,0,90473,1304,1,1
1,0,2,0,0,96,1,0,145,254,4520,1
1,0,2,0,0,0,0,0,2098,80,376,1
1,0,2,0,0,0,0,0,6403,45,163,1
1,0,2,0,0,0,0,1,2067,226,573,1
1,0,3,0,0,103,0,0,3452,6152,972,1
1,0,2,0,0,25,0,0,3772,483,65,1
1,0.1,2,0,0,159,0,0,49419,316,318,1
1,0,2,0,0,0,0,0,8,18,11,1
1,0,2,0,0,0,0,0,0,5,329,1
1,0,4,0,0,155,0,0,1084,300,919,1
1,0.111111111,1,0,0,0,0,1,6,0,345,1
1,0.4,1,0,0,0,0,1,18,1,250,1
1,0,2,0,0,102,0,0,105,879,453,1
1,0,2,0,0,8,0,0,610,485,5310,1
1,0.2,1,0,0,78,0,0,1128,1672,64,1
1,0,2,0,0,0,0,0,34,10,71,1
1,0,1,0,0,155,1,0,10551,3626,509,1
1,0,5,0,0,115,0,0,2479,367,425,1
1,0,2,0,0,109,0,0,50,607,943,1
1,0,2,0,0,120,1,0,2221,2090,2407,1
1,0,3,0,0,0,0,0,1,7,1,1
1,0,2,0,0,158,0,0,8041,70,188,1
1,0,2,0,0,132,0,0,181,7618,1115,1
1,0,1,0,0,0,0,0,2676,43,296,1
1,0.066666667,4,0,0,158,0,0,2598,4626,92,1
1,0.333333333,2,0,0,19,0,0,113,16,97,1
1,0,1,0,0,54,0,0,1523,186,1021,1
1,0,3,0,0,58,0,0,4437,212,1199,1
1,0.285714286,2,0,0,0,0,0,11,13,362,1
1,0.6,1,0,0,28,0,0,3041,339,1545,1
1,0,3,0,0,21,0,0,248,72,30,1
1,0,2,0,0,136,0,0,11354,11390,9121,1
